latitude,longitude,harga,rating,jumlah_ulasan,jumlah_dilihat,sisa_kamar,jumlah_fasilitas,ac,wifi,kmandi_dalam,lemari,meja_belajar,kasur,tv,pmotor,pmobil,skor_fasilitas,popularitas_score,jenis_putra,jenis_putri,lokasi_Baratajaya Surabaya,lokasi_Bendul Merisi Surabaya,lokasi_DR. Soetomo Surabaya,lokasi_Gayungan Ketintang Surabaya,lokasi_Geluran Sidoarjo,lokasi_Gubeng,lokasi_Gubeng Surabaya,lokasi_Gunung Anyar Tambak Surabaya,lokasi_Jagir Surabaya,lokasi_Jemur Wonosari Surabaya,lokasi_Jeruk Surabaya,lokasi_Kalirungkut Surabaya,lokasi_Kalisari Surabaya,lokasi_Kedung Baruk Surabaya,lokasi_Klampis Ngasem Surabaya,lokasi_Kupang Krajan Surabaya,lokasi_Kutisari Surabaya,lokasi_Lontar Surabaya,lokasi_Made Surabaya,lokasi_Medokan Ayu Surabaya,lokasi_Medokan Semampir Surabaya,lokasi_Menur Pumpungan Surabaya,lokasi_Mojo Surabaya,lokasi_Ngenden Jangkungan Surabaya,lokasi_Pacarkembang Surabaya,lokasi_Panjang Jiwo Surabaya,lokasi_Penjaringan Sari Surabaya,lokasi_Petemon Surabaya,lokasi_Rungkut,lokasi_Rungkut Menanggal Surabaya,lokasi_Sambikerep Surabaya,lokasi_Semolowaru Surabaya,lokasi_Siwalan Kerto Surabaya,lokasi_Sukolilo,lokasi_Tenggilis Mejoyo,lokasi_Tengilis Mejoyo Surabaya,lokasi_Wonocolo,lokasi_Wonokromo
0.025888864877172107,0.14606407216934694,-0.300393809345032,0.16595656187807778,0.0,0.435439215770299,-0.2512831067871273,-0.04370741853627407,0.30833491942238933,0.17263060129453106,0.3503479446357141,0.15174424466672096,0.24785771543160817,0.08045179867091354,-0.20033416898825332,0.12782749814122799,-0.3386670053338413,-0.510552793094482,0.5031869435984895,False,True,False,False,False,False,False,False,False,False,False,False,False,False,False,False,False,False,False,False,False,False,False,False,False,False,False,False,False,False,False,False,False,False,False,False,False,False,True,False
0.025888864877172107,0.14606407216934694,0.3706827693958116,0.16595656187807778,0.0,0.11877899013518911,-0.2512831067871273,-0.04370741853627407,0.30833491942238933,0.17263060129453106,0.3503479446357141,0.15174424466672096,0.24785771543160817,0.08045179867091354,-0.20033416898825332,0.12782749814122799,-0.3386670053338413,-0.510552793094482,0.19530274715382576,False,True,False,False,False,False,False,True,False,False,False,False,False,False,False,False,False,False,False,False,False,False,False,False,False,False,False,False,False,False,False,False,False,False,False,False,False,False,False,False
0.025888864877172107,0.14606407216934694,0.16097133853929796,0.16595656187807778,0.0,0.435439215770299,-0.2512831067871273,-0.04370741853627407,0.30833491942238933,0.17263060129453106,0.3503479446357141,0.15174424466672096,0.24785771543160817,0.08045179867091354,-0.20033416898825332,0.12782749814122799,-0.3386670053338413,-0.510552793094482,0.5031869435984895,False,True,False,False,False,False,False,False,False,False,False,False,False,False,False,False,False,False,False,False,False,False,False,False,False,False,False,False,False,False,False,False,False,False,False,False,False,False,True,False
0.025888864877172107,0.14606407216934694,2.0315973017793993,-2.030319639997742,0.0,0.435439215770299,-0.2512831067871273,-0.04370741853627407,0.30833491942238933,0.17263060129453106,0.3503479446357141,0.15174424466672096,0.24785771543160817,0.08045179867091354,-0.20033416898825332,0.12782749814122799,-0.3386670053338413,-0.510552793094482,0.5031869435984895,False,False,False,False,False,False,False,True,False,False,False,False,False,False,False,False,False,False,False,False,False,False,False,False,False,False,False,False,False,False,False,False,False,False,False,False,False,False,False,False
0.025888864877172107,0.14606407216934694,-0.13262466465982115,0.16595656187807778,0.0,0.435439215770299,-0.2512831067871273,-0.04370741853627407,0.30833491942238933,0.17263060129453106,0.3503479446357141,0.15174424466672096,0.24785771543160817,0.08045179867091354,-0.20033416898825332,0.12782749814122799,-0.3386670053338413,-0.510552793094482,0.5031869435984895,False,True,False,False,False,False,False,True,False,False,False,False,False,False,False,False,False,False,False,False,False,False,False,False,False,False,False,False,False,False,False,False,False,False,False,False,False,False,False,False
0.025888864877172107,0.14606407216934694,-1.1266568469196958,-5.324733942811466,0.0,0.435439215770299,-0.2512831067871273,-0.04370741853627407,0.30833491942238933,0.17263060129453106,0.3503479446357141,0.15174424466672096,0.24785771543160817,0.08045179867091354,-0.20033416898825332,0.12782749814122799,-0.3386670053338413,-0.510552793094482,0.5031869435984895,False,True,False,False,False,False,False,False,False,False,False,False,False,False,False,False,False,False,False,False,False,False,False,False,False,False,False,False,False,False,False,False,False,False,False,False,False,False,False,True
0.025888864877172107,0.14606407216934694,-0.8548708325296541,-2.030319639997742,0.0,0.435439215770299,-0.2512831067871273,-0.04370741853627407,0.30833491942238933,0.17263060129453106,0.3503479446357141,0.15174424466672096,0.24785771543160817,0.08045179867091354,-0.20033416898825332,0.12782749814122799,-0.3386670053338413,-0.510552793094482,0.5031869435984895,False,True,False,False,False,False,False,False,False,False,False,False,False,False,False,False,False,False,False,False,False,False,False,False,False,False,False,False,False,False,False,False,False,False,False,False,False,False,False,True
0.025888864877172107,0.14606407216934694,1.5450667821922879,0.16595656187807778,0.0,-0.13619417855801624,-0.2512831067871273,-0.04370741853627407,0.30833491942238933,0.17263060129453106,0.3503479446357141,0.15174424466672096,0.24785771543160817,0.08045179867091354,-0.20033416898825332,0.12782749814122799,-0.3386670053338413,-0.510552793094482,-0.05260400842499441,False,True,False,False,False,False,False,False,False,False,False,False,False,False,False,False,False,False,False,False,False,False,False,False,False,False,False,False,False,False,False,False,False,False,False,True,False,False,False,False
0.025888864877172107,0.14606407216934694,0.4126250555671143,0.16595656187807778,0.0,-0.19376876503712714,-0.2512831067871273,-0.04370741853627407,0.30833491942238933,0.17263060129453106,0.3503479446357141,0.15174424466672096,0.24785771543160817,0.08045179867091354,-0.20033416898825332,0.12782749814122799,-0.3386670053338413,-0.510552793094482,-0.4964370708322369,False,True,False,False,False,False,False,False,False,False,False,False,False,False,False,False,False,False,False,False,False,False,False,False,False,False,False,False,False,False,False,False,False,False,False,True,False,False,False,False
0.025888864877172107,0.14606407216934694,0.03514448002538977,-2.030319639997742,0.0,-0.11151935578125444,0.21388978732475722,-0.04370741853627407,0.30833491942238933,0.17263060129453106,0.3503479446357141,0.15174424466672096,0.24785771543160817,0.08045179867091354,-0.20033416898825332,0.12782749814122799,-0.3386670053338413,-0.510552793094482,-0.028613032078656977,True,False,False,False,False,False,False,False,False,False,False,False,False,False,False,False,False,False,False,False,False,False,False,False,False,False,False,False,False,False,True,False,False,False,False,False,False,False,False,False
0.025888864877172107,0.14606407216934694,0.8320479172801416,0.16595656187807778,0.0,-0.19376876503712714,-0.2512831067871273,-0.04370741853627407,0.30833491942238933,0.17263060129453106,0.3503479446357141,0.15174424466672096,0.24785771543160817,0.08045179867091354,-0.20033416898825332,0.12782749814122799,-0.3386670053338413,-0.510552793094482,-0.4964370708322369,False,True,False,False,False,False,False,False,False,False,False,False,False,False,False,False,False,False,False,False,False,False,False,False,False,False,False,False,False,False,False,False,False,False,False,True,False,False,False,False
0.025888864877172107,0.14606407216934694,1.2095284928218661,-0.9321815390598273,0.0,-0.19376876503712714,-0.2512831067871273,-0.04370741853627407,0.30833491942238933,0.17263060129453106,0.3503479446357141,0.15174424466672096,0.24785771543160817,0.08045179867091354,-0.20033416898825332,0.12782749814122799,-0.3386670053338413,-0.510552793094482,-0.4964370708322369,False,False,False,False,False,False,False,False,False,False,False,False,False,False,False,False,False,False,False,False,False,False,False,False,False,False,False,False,False,False,False,False,False,False,False,False,False,False,True,False
0.025888864877172107,0.14606407216934694,0.3706827693958116,0.16595656187807778,0.0,-0.062169710227730816,-0.2512831067871273,-0.04370741853627407,0.30833491942238933,0.17263060129453106,0.3503479446357141,0.15174424466672096,0.24785771543160817,0.08045179867091354,-0.20033416898825332,0.12782749814122799,-0.3386670053338413,-0.510552793094482,0.019368920614017893,False,True,False,False,False,False,False,True,False,False,False,False,False,False,False,False,False,False,False,False,False,False,False,False,False,False,False,False,False,False,False,False,False,False,False,False,False,False,False,False
0.025888864877172107,0.14606407216934694,-0.006797806145912957,0.16595656187807778,0.0,-0.03338241698817537,-0.2512831067871273,-0.04370741853627407,0.30833491942238933,0.17263060129453106,0.3503479446357141,0.15174424466672096,0.24785771543160817,0.08045179867091354,-0.20033416898825332,0.12782749814122799,-0.3386670053338413,-0.510552793094482,0.04735839301807823,False,True,False,False,False,False,False,False,False,False,False,False,False,False,False,False,False,False,False,False,False,False,False,False,False,False,False,False,False,False,False,False,False,False,False,True,False,False,False,False
0.025888864877172107,0.14606407216934694,0.5384519140810224,-0.9321815390598273,0.0,-0.18143135364874624,-0.2512831067871273,-0.04370741853627407,0.30833491942238933,0.17263060129453106,0.3503479446357141,0.15174424466672096,0.24785771543160817,0.08045179867091354,-0.20033416898825332,0.12782749814122799,-0.3386670053338413,-0.510552793094482,-0.09658746505994638,False,False,False,False,False,False,False,False,False,False,False,False,False,False,False,False,False,False,False,False,False,False,False,False,False,False,False,False,False,False,False,False,False,False,False,False,False,False,True,False
0.025888864877172107,0.14606407216934694,0.7901056311088388,-0.9321815390598273,0.0,0.18046604707709363,-0.2512831067871273,-0.04370741853627407,0.30833491942238933,0.17263060129453106,0.3503479446357141,0.15174424466672096,0.24785771543160817,0.08045179867091354,-0.20033416898825332,0.12782749814122799,-0.3386670053338413,-0.510552793094482,0.25528018801966934,False,False,False,False,False,False,False,False,False,False,False,False,False,False,False,False,False,False,False,False,False,False,False,False,False,False,False,False,False,False,False,False,False,False,False,False,False,False,True,False
0.025888864877172107,0.14606407216934694,1.1675862066505633,0.16595656187807778,0.0,-0.12591300240103215,-0.7164560008990118,-0.04370741853627407,0.30833491942238933,0.17263060129453106,0.3503479446357141,0.15174424466672096,0.24785771543160817,0.08045179867091354,-0.20033416898825332,0.12782749814122799,-0.3386670053338413,-0.510552793094482,-0.042607768280687144,False,True,False,False,False,False,False,False,False,False,False,False,False,False,False,False,False,False,False,False,False,False,False,False,False,False,False,False,False,False,False,False,False,False,False,True,False,False,False,False
0.025888864877172107,0.14606407216934694,2.8452776535026723,0.16595656187807778,0.0,-0.4158421700279834,-0.2512831067871273,-0.04370741853627407,0.30833491942238933,0.17263060129453106,0.3503479446357141,0.15174424466672096,0.24785771543160817,0.08045179867091354,-0.20033416898825332,0.12782749814122799,-0.3386670053338413,-0.510552793094482,-0.324501740350152,True,False,False,False,False,False,False,True,False,False,False,False,False,False,False,False,False,False,False,False,False,False,False,False,False,False,False,False,False,False,False,False,False,False,False,False,False,False,False,False
0.025888864877172107,0.14606407216934694,0.8320479172801416,0.16595656187807778,0.0,-0.4590231098873166,-0.7164560008990118,-0.04370741853627407,0.30833491942238933,0.17263060129453106,0.3503479446357141,0.15174424466672096,0.24785771543160817,0.08045179867091354,-0.20033416898825332,0.12782749814122799,-0.3386670053338413,-0.510552793094482,-0.3664859489562425,False,True,False,False,False,False,False,False,False,False,False,False,False,False,False,False,False,False,False,False,False,False,False,False,False,False,False,False,False,False,False,False,False,False,False,True,False,False,False,False
0.025888864877172107,0.14606407216934694,-0.7449820427608409,0.16595656187807778,0.0,-0.19376876503712714,-0.7164560008990118,-0.04370741853627407,0.30833491942238933,0.17263060129453106,0.3503479446357141,0.15174424466672096,0.24785771543160817,0.08045179867091354,-0.20033416898825332,0.12782749814122799,-0.3386670053338413,-0.510552793094482,-0.4964370708322369,False,True,False,False,False,False,False,False,False,False,False,False,False,False,False,False,False,False,False,False,False,False,False,False,False,False,False,False,False,False,False,False,False,False,False,True,False,False,False,False
0.025888864877172107,0.14606407216934694,-0.5101052402015457,0.16595656187807778,0.0,-0.19376876503712714,-0.2512831067871273,-0.04370741853627407,0.30833491942238933,0.17263060129453106,0.3503479446357141,0.15174424466672096,0.24785771543160817,0.08045179867091354,-0.20033416898825332,0.12782749814122799,-0.3386670053338413,-0.510552793094482,-0.4964370708322369,True,False,False,False,False,False,False,False,False,False,False,False,False,False,False,False,False,False,False,False,False,False,False,False,False,False,False,False,False,False,False,False,False,False,False,False,False,False,False,True
0.025888864877172107,0.14606407216934694,0.5887826574865858,-0.9321815390598273,0.0,-0.19376876503712714,-0.2512831067871273,-0.04370741853627407,0.30833491942238933,0.17263060129453106,0.3503479446357141,0.15174424466672096,0.24785771543160817,0.08045179867091354,-0.20033416898825332,0.12782749814122799,-0.3386670053338413,-0.510552793094482,-0.4964370708322369,False,True,False,False,False,False,False,True,False,False,False,False,False,False,False,False,False,False,False,False,False,False,False,False,False,False,False,False,False,False,False,False,False,False,False,False,False,False,False,False
0.025888864877172107,0.14606407216934694,0.32874048322450883,0.16595656187807778,0.0,0.05503569796188777,-0.7164560008990118,-0.04370741853627407,0.30833491942238933,0.17263060129453106,0.3503479446357141,0.15174424466672096,0.24785771543160817,0.08045179867091354,-0.20033416898825332,0.12782749814122799,-0.3386670053338413,-0.510552793094482,0.1333260582591207,True,False,False,False,False,False,False,True,False,False,False,False,False,False,False,False,False,False,False,False,False,False,False,False,False,False,False,False,False,False,False,False,False,False,False,False,False,False,False,False
0.025888864877172107,0.14606407216934694,2.006431930076618,0.16595656187807778,0.0,-0.3520988778546821,0.21388978732475722,-0.04370741853627407,0.30833491942238933,0.17263060129453106,0.3503479446357141,0.15174424466672096,0.24785771543160817,0.08045179867091354,-0.20033416898825332,0.12782749814122799,-0.3386670053338413,-0.510552793094482,-0.26252505145544697,False,False,False,False,False,False,False,True,False,False,False,False,False,False,False,False,False,False,False,False,False,False,False,False,False,False,False,False,False,False,False,False,False,False,False,False,False,False,False,False
0.025888864877172107,0.14606407216934694,-1.097297246599784,0.16595656187807778,0.0,-0.34798640739188846,-0.7164560008990118,-0.04370741853627407,0.30833491942238933,0.17263060129453106,0.3503479446357141,0.15174424466672096,0.24785771543160817,0.08045179867091354,-0.20033416898825332,0.12782749814122799,-0.3386670053338413,-0.510552793094482,-0.25852655539772407,True,False,False,False,False,False,False,True,False,False,False,False,False,False,False,False,False,False,False,False,False,False,False,False,False,False,False,False,False,False,False,False,False,False,False,False,False,False,False,False
0.025888864877172107,0.14606407216934694,2.006431930076618,0.16595656187807778,0.0,-0.19376876503712714,-0.7164560008990118,-0.04370741853627407,0.30833491942238933,0.17263060129453106,0.3503479446357141,0.15174424466672096,0.24785771543160817,0.08045179867091354,-0.20033416898825332,0.12782749814122799,-0.3386670053338413,-0.510552793094482,-0.4964370708322369,True,False,False,False,False,False,False,True,False,False,False,False,False,False,False,False,False,False,False,False,False,False,False,False,False,False,False,False,False,False,False,False,False,False,False,False,False,False,False,False
0.025888864877172107,0.14606407216934694,-0.6778743848867566,0.16595656187807778,0.0,-0.19376876503712714,0.21388978732475722,-0.04370741853627407,0.30833491942238933,0.17263060129453106,0.3503479446357141,0.15174424466672096,0.24785771543160817,0.08045179867091354,-0.20033416898825332,0.12782749814122799,-0.3386670053338413,-0.510552793094482,-0.4964370708322369,False,True,False,False,False,False,False,False,False,False,False,False,False,False,False,False,False,False,False,False,False,False,False,False,False,False,False,False,False,False,False,False,False,False,False,True,False,False,False,False
0.025888864877172107,0.14606407216934694,1.670893640706196,0.16595656187807778,0.0,-0.3048054675325553,0.21388978732475722,-0.04370741853627407,0.30833491942238933,0.17263060129453106,0.3503479446357141,0.15174424466672096,0.24785771543160817,0.08045179867091354,-0.20033416898825332,0.12782749814122799,-0.3386670053338413,-0.510552793094482,-0.21654234679163353,False,True,False,False,False,False,False,False,False,False,False,False,False,False,False,False,False,False,False,False,False,False,False,False,False,False,False,False,False,False,False,False,False,False,False,True,False,False,False,False
0.025888864877172107,0.14606407216934694,4.522969100354781,0.16595656187807778,0.0,-0.432292051879158,-0.7164560008990118,-0.04370741853627407,0.30833491942238933,0.17263060129453106,0.3503479446357141,0.15174424466672096,0.24785771543160817,0.08045179867091354,-0.20033416898825332,0.12782749814122799,-0.3386670053338413,-0.510552793094482,-0.3404957245810436,True,False,False,False,False,False,False,True,False,False,False,False,False,False,False,False,False,False,False,False,False,False,False,False,False,False,False,False,False,False,False,False,False,False,False,False,False,False,False,False
0.025888864877172107,0.14606407216934694,-1.097297246599784,0.16595656187807778,0.0,-0.19376876503712714,-0.2512831067871273,-0.04370741853627407,0.30833491942238933,0.17263060129453106,0.3503479446357141,0.15174424466672096,0.24785771543160817,0.08045179867091354,-0.20033416898825332,0.12782749814122799,-0.3386670053338413,-0.510552793094482,-0.4964370708322369,False,False,False,False,False,False,False,False,False,False,False,False,False,False,False,False,False,False,False,False,False,False,False,False,False,False,False,False,False,False,False,False,False,False,False,False,False,False,False,True
0.025888864877172107,0.14606407216934694,-0.20812077976816604,0.16595656187807778,0.0,-0.19376876503712714,-0.2512831067871273,-0.04370741853627407,0.30833491942238933,0.17263060129453106,0.3503479446357141,0.15174424466672096,0.24785771543160817,0.08045179867091354,-0.20033416898825332,0.12782749814122799,-0.3386670053338413,-0.510552793094482,-0.4964370708322369,False,True,False,False,False,False,False,False,False,False,False,False,False,False,False,False,False,False,False,False,False,False,False,False,False,False,False,False,False,False,False,False,False,False,False,True,False,False,False,False
0.025888864877172107,0.14606407216934694,-0.9295281019145729,0.16595656187807778,0.0,-0.5309913429862052,-0.7164560008990118,-0.04370741853627407,0.30833491942238933,0.17263060129453106,0.3503479446357141,0.15174424466672096,0.24785771543160817,0.08045179867091354,-0.20033416898825332,0.12782749814122799,-0.3386670053338413,-0.510552793094482,-0.43645962996639337,False,True,False,False,False,False,False,False,False,False,False,False,False,False,False,False,False,False,False,False,False,False,False,False,False,False,False,False,False,False,False,False,False,False,False,True,False,False,False,False
0.025888864877172107,0.14606407216934694,1.1675862066505633,0.16595656187807778,0.0,-0.522766402060618,-0.2512831067871273,-0.04370741853627407,0.30833491942238933,0.17263060129453106,0.3503479446357141,0.15174424466672096,0.24785771543160817,0.08045179867091354,-0.20033416898825332,0.12782749814122799,-0.3386670053338413,-0.510552793094482,-0.42846263785094757,False,False,False,False,False,False,False,False,False,False,False,False,False,False,False,False,False,False,False,False,False,False,False,False,False,False,False,False,False,False,False,False,False,False,False,False,False,False,False,True
0.025888864877172107,0.14606407216934694,0.32874048322450883,0.16595656187807778,0.0,-0.4117296995651898,-0.2512831067871273,-0.04370741853627407,0.30833491942238933,0.17263060129453106,0.3503479446357141,0.15174424466672096,0.24785771543160817,0.08045179867091354,-0.20033416898825332,0.12782749814122799,-0.3386670053338413,-0.510552793094482,-0.3205032442924291,False,True,False,False,False,False,False,False,False,False,False,False,False,False,False,False,False,False,False,False,False,False,False,False,False,False,False,False,False,False,False,False,False,False,False,False,False,False,False,True
0.025888864877172107,0.14606407216934694,-0.8456435295719675,0.16595656187807778,0.0,-0.19376876503712714,-0.2512831067871273,-0.04370741853627407,0.30833491942238933,0.17263060129453106,0.3503479446357141,0.15174424466672096,0.24785771543160817,0.08045179867091354,-0.20033416898825332,0.12782749814122799,-0.3386670053338413,-0.510552793094482,-0.4964370708322369,True,False,False,False,False,False,False,False,False,False,False,False,False,False,False,False,False,False,False,False,False,False,False,False,False,False,False,False,False,False,False,False,False,False,False,True,False,False,False,False
0.025888864877172107,0.14606407216934694,-1.097297246599784,0.16595656187807778,0.0,-0.19376876503712714,-0.2512831067871273,-0.04370741853627407,0.30833491942238933,0.17263060129453106,0.3503479446357141,0.15174424466672096,0.24785771543160817,0.08045179867091354,-0.20033416898825332,0.12782749814122799,-0.3386670053338413,-0.510552793094482,-0.4964370708322369,True,False,False,False,False,False,False,False,False,False,False,False,False,False,False,False,False,False,False,False,False,False,False,False,False,False,False,False,False,False,False,False,False,False,False,True,False,False,False,False
0.025888864877172107,0.14606407216934694,-1.097297246599784,0.16595656187807778,0.0,-0.19376876503712714,-0.2512831067871273,-0.04370741853627407,0.30833491942238933,0.17263060129453106,0.3503479446357141,0.15174424466672096,0.24785771543160817,0.08045179867091354,-0.20033416898825332,0.12782749814122799,-0.3386670053338413,-0.510552793094482,-0.4964370708322369,False,True,False,False,False,False,False,False,False,False,False,False,False,False,False,False,False,False,False,False,False,False,False,False,False,False,False,False,False,False,False,False,False,False,False,False,True,False,False,False
0.025888864877172107,0.14606407216934694,0.8320479172801416,0.16595656187807778,0.0,0.435439215770299,-0.7164560008990118,-0.04370741853627407,0.30833491942238933,0.17263060129453106,0.3503479446357141,0.15174424466672096,0.24785771543160817,0.08045179867091354,-0.20033416898825332,0.12782749814122799,-0.3386670053338413,-0.510552793094482,0.5031869435984895,False,False,False,False,False,False,False,False,False,False,False,False,False,False,False,False,False,False,False,False,False,False,False,False,False,False,False,False,False,False,False,False,False,False,False,True,False,False,False,False
0.025888864877172107,0.14606407216934694,-0.5520475263728484,0.16595656187807778,0.0,0.026248404722332332,-0.2512831067871273,-0.04370741853627407,0.30833491942238933,0.17263060129453106,0.3503479446357141,0.15174424466672096,0.24785771543160817,0.08045179867091354,-0.20033416898825332,0.12782749814122799,-0.3386670053338413,-0.510552793094482,0.10533658585506037,False,True,False,False,False,False,False,False,False,False,False,False,False,False,False,False,False,False,False,False,False,False,False,False,False,False,False,False,False,False,False,False,False,False,False,True,False,False,False,False
0.025888864877172107,0.14606407216934694,2.8452776535026723,0.16595656187807778,0.0,-0.22872476397087302,-0.2512831067871273,-0.04370741853627407,0.30833491942238933,0.17263060129453106,0.3503479446357141,0.15174424466672096,0.24785771543160817,0.08045179867091354,-0.20033416898825332,0.12782749814122799,-0.3386670053338413,-0.510552793094482,-0.1425701697237598,False,False,False,False,False,False,False,False,False,False,False,False,False,False,False,False,False,False,False,False,False,False,False,False,False,False,False,False,False,False,False,False,False,False,False,True,False,False,False,False
0.025888864877172107,0.14606407216934694,0.8320479172801416,0.16595656187807778,0.0,0.19691592892826817,-0.2512831067871273,-0.04370741853627407,0.30833491942238933,0.17263060129453106,0.3503479446357141,0.15174424466672096,0.24785771543160817,0.08045179867091354,-0.20033416898825332,0.12782749814122799,-0.3386670053338413,-0.510552793094482,0.27127417225056094,False,False,False,False,False,False,False,True,False,False,False,False,False,False,False,False,False,False,False,False,False,False,False,False,False,False,False,False,False,False,False,False,False,False,False,False,False,False,False,False
0.025888864877172107,0.14606407216934694,0.33293471184163914,0.16595656187807778,0.0,0.435439215770299,-0.2512831067871273,-0.04370741853627407,0.30833491942238933,0.17263060129453106,0.3503479446357141,0.15174424466672096,0.24785771543160817,0.08045179867091354,-0.20033416898825332,0.12782749814122799,-0.3386670053338413,-0.510552793094482,0.5031869435984895,True,False,False,False,False,False,False,False,False,False,False,False,False,False,False,False,False,False,False,False,False,False,False,False,False,False,False,False,False,False,False,False,False,False,False,False,False,False,True,False
0.025888864877172107,0.14606407216934694,0.9998170619653525,0.16595656187807778,0.0,-0.29246805614417437,-0.7164560008990118,-0.04370741853627407,0.30833491942238933,0.17263060129453106,0.3503479446357141,0.15174424466672096,0.24785771543160817,0.08045179867091354,-0.20033416898825332,0.12782749814122799,-0.3386670053338413,-0.510552793094482,-0.20454685861846483,False,False,False,False,False,False,False,False,False,False,False,False,False,False,False,False,False,False,False,False,False,False,False,False,False,False,False,False,False,False,False,False,False,False,False,False,False,False,False,True
0.025888864877172107,0.14606407216934694,0.16097133853929796,0.16595656187807778,0.0,-0.23489346966506347,-0.7164560008990118,-0.04370741853627407,0.30833491942238933,0.17263060129453106,0.3503479446357141,0.15174424466672096,0.24785771543160817,0.08045179867091354,-0.20033416898825332,0.12782749814122799,-0.3386670053338413,-0.510552793094482,-0.14856791381034415,False,True,False,False,False,False,False,False,False,False,False,False,False,False,False,False,False,False,False,False,False,False,False,False,False,False,False,False,False,False,False,False,False,False,False,True,False,False,False,False
0.025888864877172107,0.14606407216934694,0.6642787725949306,0.16595656187807778,0.0,-0.02104500559979447,-0.2512831067871273,-0.04370741853627407,0.30833491942238933,0.17263060129453106,0.3503479446357141,0.15174424466672096,0.24785771543160817,0.08045179867091354,-0.20033416898825332,0.12782749814122799,-0.3386670053338413,-0.510552793094482,0.059353881191246946,False,False,False,False,False,False,False,False,False,False,False,False,False,False,False,False,False,False,False,False,False,False,False,False,False,False,False,False,False,False,False,False,False,False,False,False,False,False,True,False
0.025888864877172107,0.14606407216934694,0.16097133853929796,0.16595656187807778,0.0,0.13522887198636366,-0.2512831067871273,-0.04370741853627407,0.30833491942238933,0.17263060129453106,0.3503479446357141,0.15174424466672096,0.24785771543160817,0.08045179867091354,-0.20033416898825332,0.12782749814122799,-0.3386670053338413,-0.510552793094482,0.21129673138471736,False,False,False,False,False,False,False,True,False,False,False,False,False,False,False,False,False,False,False,False,False,False,False,False,False,False,False,False,False,False,False,False,False,False,False,False,False,False,False,False
0.025888864877172107,0.14606407216934694,-1.097297246599784,0.16595656187807778,0.0,0.23187192786201408,-0.2512831067871273,-0.04370741853627407,0.30833491942238933,0.17263060129453106,0.3503479446357141,0.15174424466672096,0.24785771543160817,0.08045179867091354,-0.20033416898825332,0.12782749814122799,-0.3386670053338413,-0.510552793094482,0.3052613887412057,False,True,False,False,False,False,False,False,False,False,False,False,False,False,False,False,False,False,False,False,False,False,False,False,False,False,False,False,False,False,True,False,False,False,False,False,False,False,False,False
0.025888864877172107,0.14606407216934694,0.5803942002523252,0.16595656187807778,0.0,0.14345381291195092,-0.2512831067871273,-0.04370741853627407,0.30833491942238933,0.17263060129453106,0.3503479446357141,0.15174424466672096,0.24785771543160817,0.08045179867091354,-0.20033416898825332,0.12782749814122799,-0.3386670053338413,-0.510552793094482,0.21929372350016318,False,False,False,False,False,False,False,False,False,False,False,False,False,False,False,False,False,False,False,False,False,False,False,False,False,False,False,False,False,False,True,False,False,False,False,False,False,False,False,False
0.025888864877172107,0.14606407216934694,1.1675862066505633,0.16595656187807778,0.0,0.435439215770299,-0.2512831067871273,-0.04370741853627407,0.30833491942238933,0.17263060129453106,0.3503479446357141,0.15174424466672096,0.24785771543160817,0.08045179867091354,-0.20033416898825332,0.12782749814122799,-0.3386670053338413,-0.510552793094482,0.5031869435984895,False,False,False,False,False,False,False,True,False,False,False,False,False,False,False,False,False,False,False,False,False,False,False,False,False,False,False,False,False,False,False,False,False,False,False,False,False,False,False,False
0.025888864877172107,0.14606407216934694,1.503124496020985,-6.422872043749372,0.0,-0.3397614664663012,-0.2512831067871273,-0.04370741853627407,0.30833491942238933,0.17263060129453106,0.3503479446357141,0.15174424466672096,0.24785771543160817,0.08045179867091354,-0.20033416898825332,0.12782749814122799,-0.3386670053338413,-0.510552793094482,-0.25052956328227827,False,False,False,False,False,False,False,False,False,False,False,False,False,False,False,False,False,False,False,False,False,False,False,False,False,False,False,False,False,False,False,False,False,False,False,True,False,False,False,False
0.025888864877172107,0.14606407216934694,1.503124496020985,0.16595656187807778,0.0,-0.1876000593429367,-0.2512831067871273,-0.04370741853627407,0.30833491942238933,0.17263060129453106,0.3503479446357141,0.15174424466672096,0.24785771543160817,0.08045179867091354,-0.20033416898825332,0.12782749814122799,-0.3386670053338413,-0.510552793094482,-0.10258520914653073,False,False,False,False,False,False,False,False,False,False,False,False,False,False,False,False,False,False,False,False,False,False,False,False,False,False,False,False,False,False,False,False,False,False,False,True,False,False,False,False
0.025888864877172107,0.14606407216934694,-1.0469665031942206,0.16595656187807778,0.0,0.15784745953172866,-0.2512831067871273,-0.04370741853627407,0.30833491942238933,0.17263060129453106,0.3503479446357141,0.15174424466672096,0.24785771543160817,0.08045179867091354,-0.20033416898825332,0.12782749814122799,-0.3386670053338413,-0.510552793094482,0.23328845970219333,False,True,False,False,False,False,False,False,False,False,False,False,False,False,False,False,False,False,False,False,False,False,False,False,False,False,False,False,False,False,False,False,False,False,False,True,False,False,False,False
0.025888864877172107,0.14606407216934694,3.2647005152157,0.16595656187807778,0.0,-0.06833841592192128,-0.7164560008990118,-0.04370741853627407,0.30833491942238933,0.17263060129453106,0.3503479446357141,0.15174424466672096,0.24785771543160817,0.08045179867091354,-0.20033416898825332,0.12782749814122799,-0.3386670053338413,-0.510552793094482,0.013371176527433533,False,False,False,False,False,False,False,False,False,False,False,False,False,False,False,False,False,False,False,False,False,False,False,False,False,False,False,False,False,False,False,False,False,False,False,True,False,False,False,False
0.025888864877172107,0.14606407216934694,-0.09068237848851841,0.16595656187807778,0.0,-0.08890076823588944,-0.7164560008990118,-0.04370741853627407,0.30833491942238933,0.17263060129453106,0.3503479446357141,0.15174424466672096,0.24785771543160817,0.08045179867091354,-0.20033416898825332,0.12782749814122799,-0.3386670053338413,-0.510552793094482,-0.006621303761180995,True,False,False,False,False,False,False,False,False,False,False,False,False,False,False,False,False,False,False,False,False,False,False,False,False,False,False,False,False,False,False,False,False,False,False,True,False,False,False,False
0.025888864877172107,0.14606407216934694,-0.006797806145912957,0.16595656187807778,0.0,-0.3294802903093171,-0.2512831067871273,-0.04370741853627407,0.30833491942238933,0.17263060129453106,0.3503479446357141,0.15174424466672096,0.24785771543160817,0.08045179867091354,-0.20033416898825332,0.12782749814122799,-0.3386670053338413,-0.510552793094482,-0.240533323137971,False,True,False,False,False,False,False,False,False,False,False,False,False,False,False,False,False,False,False,False,False,False,False,False,False,False,False,False,False,False,False,False,False,False,False,True,False,False,False,False
0.025888864877172107,0.14606407216934694,-0.006797806145912957,0.16595656187807778,0.0,0.435439215770299,-0.7164560008990118,-0.04370741853627407,0.30833491942238933,0.17263060129453106,0.3503479446357141,0.15174424466672096,0.24785771543160817,0.08045179867091354,-0.20033416898825332,0.12782749814122799,-0.3386670053338413,-0.510552793094482,0.5031869435984895,False,False,False,False,False,False,False,True,False,False,False,False,False,False,False,False,False,False,False,False,False,False,False,False,False,False,False,False,False,False,False,False,False,False,False,False,False,False,False,False
0.025888864877172107,0.14606407216934694,2.8452776535026723,0.16595656187807778,0.0,-0.19376876503712714,-0.7164560008990118,-0.04370741853627407,0.30833491942238933,0.17263060129453106,0.3503479446357141,0.15174424466672096,0.24785771543160817,0.08045179867091354,-0.20033416898825332,0.12782749814122799,-0.3386670053338413,-0.510552793094482,-0.4964370708322369,False,False,False,False,False,False,False,False,False,False,False,False,False,False,False,False,False,False,False,False,False,False,False,False,False,False,False,False,False,False,False,False,False,False,False,False,True,False,False,False
0.025888864877172107,0.14606407216934694,0.9998170619653525,0.16595656187807778,0.0,-0.3685487597058566,-0.7164560008990118,-0.04370741853627407,0.30833491942238933,0.17263060129453106,0.3503479446357141,0.15174424466672096,0.24785771543160817,0.08045179867091354,-0.20033416898825332,0.12782749814122799,-0.3386670053338413,-0.510552793094482,-0.27851903568633857,False,True,False,False,False,False,False,False,False,False,False,False,False,False,False,False,False,False,False,False,False,False,False,False,False,False,False,False,False,False,False,False,False,False,False,False,False,False,True,False
0.025888864877172107,0.14606407216934694,2.8452776535026723,0.16595656187807778,0.0,-0.19376876503712714,-0.2512831067871273,-0.04370741853627407,0.30833491942238933,0.17263060129453106,0.3503479446357141,0.15174424466672096,0.24785771543160817,0.08045179867091354,-0.20033416898825332,0.12782749814122799,-0.3386670053338413,-0.510552793094482,-0.4964370708322369,False,False,False,False,False,False,False,False,False,False,False,False,False,False,False,False,False,False,False,False,False,False,False,False,False,False,False,False,False,False,False,False,False,False,False,True,False,False,False,False
0.025888864877172107,0.14606407216934694,1.670893640706196,0.16595656187807778,0.0,-0.1649814717975717,-0.2512831067871273,-0.04370741853627407,0.30833491942238933,0.17263060129453106,0.3503479446357141,0.15174424466672096,0.24785771543160817,0.08045179867091354,-0.20033416898825332,0.12782749814122799,-0.3386670053338413,-0.510552793094482,-0.08059348082905475,False,False,False,False,False,False,False,False,False,False,False,False,False,False,False,False,False,False,False,False,False,False,False,False,False,False,False,False,False,False,False,False,False,False,False,True,False,False,False,False
0.025888864877172107,0.14606407216934694,-0.8456435295719675,0.16595656187807778,0.0,-0.465191815581507,-0.2512831067871273,-0.04370741853627407,0.30833491942238933,0.17263060129453106,0.3503479446357141,0.15174424466672096,0.24785771543160817,0.08045179867091354,-0.20033416898825332,0.12782749814122799,-0.3386670053338413,-0.510552793094482,-0.37248369304282686,False,True,False,False,False,False,False,False,False,False,False,False,False,False,False,False,False,False,False,False,False,False,False,False,False,False,False,False,False,False,False,False,False,False,False,True,False,False,False,False
0.025888864877172107,0.14606407216934694,-1.1811818189423893,0.16595656187807778,0.0,-0.22872476397087302,-0.2512831067871273,-0.04370741853627407,0.30833491942238933,0.17263060129453106,0.3503479446357141,0.15174424466672096,0.24785771543160817,0.08045179867091354,-0.20033416898825332,0.12782749814122799,-0.3386670053338413,-0.510552793094482,-0.1425701697237598,False,True,False,False,False,False,False,False,False,False,False,False,False,False,False,False,False,False,False,False,False,False,False,False,False,False,False,False,False,False,False,False,False,False,False,False,False,False,False,True
0.025888864877172107,0.14606407216934694,-0.09068237848851841,0.16595656187807778,0.0,-0.29041182091277756,-0.7164560008990118,-0.04370741853627407,0.30833491942238933,0.17263060129453106,0.3503479446357141,0.15174424466672096,0.24785771543160817,0.08045179867091354,-0.20033416898825332,0.12782749814122799,-0.3386670053338413,-0.510552793094482,-0.20254761058960338,False,True,False,False,False,False,False,False,False,False,False,False,False,False,False,False,False,False,False,False,False,False,False,False,False,False,False,False,False,False,False,False,False,False,False,True,False,False,False,False
0.025888864877172107,0.14606407216934694,-0.6778743848867566,0.16595656187807778,0.0,0.1043853435154114,0.21388978732475722,-0.04370741853627407,0.30833491942238933,0.17263060129453106,0.3503479446357141,0.15174424466672096,0.24785771543160817,0.08045179867091354,-0.20033416898825332,0.12782749814122799,-0.3386670053338413,-0.510552793094482,0.18130801095179558,False,True,False,False,False,False,False,False,False,False,False,False,False,False,False,False,False,False,False,False,False,False,False,False,False,False,False,False,False,False,False,False,False,False,False,True,False,False,False,False
0.025888864877172107,0.14606407216934694,0.915932489622747,0.16595656187807778,0.0,-0.3706049949372534,-0.2512831067871273,-0.04370741853627407,0.30833491942238933,0.17263060129453106,0.3503479446357141,0.15174424466672096,0.24785771543160817,0.08045179867091354,-0.20033416898825332,0.12782749814122799,-0.3386670053338413,-0.510552793094482,-0.28051828371520005,False,False,False,False,False,False,False,False,False,False,False,False,False,False,False,False,False,False,False,False,False,False,False,False,False,False,False,False,False,False,True,False,False,False,False,False,False,False,False,False
0.025888864877172107,0.14606407216934694,-0.5520475263728484,0.16595656187807778,0.0,0.015967228565348244,-0.7164560008990118,-0.04370741853627407,0.30833491942238933,0.17263060129453106,0.3503479446357141,0.15174424466672096,0.24785771543160817,0.08045179867091354,-0.20033416898825332,0.12782749814122799,-0.3386670053338413,-0.510552793094482,0.0953403457107531,False,True,False,False,False,False,False,False,False,False,False,False,False,False,False,False,False,False,False,False,False,False,False,False,False,False,False,False,False,False,False,False,False,False,False,True,False,False,False,False
0.025888864877172107,0.14606407216934694,0.915932489622747,0.16595656187807778,0.0,-0.17115017749176215,-0.2512831067871273,-0.04370741853627407,0.30833491942238933,0.17263060129453106,0.3503479446357141,0.15174424466672096,0.24785771543160817,0.08045179867091354,-0.20033416898825332,0.12782749814122799,-0.3386670053338413,-0.510552793094482,-0.08659122491563911,False,False,False,False,False,False,False,False,False,False,False,False,False,False,False,False,False,False,False,False,False,False,False,False,False,False,False,False,False,False,True,False,False,False,False,False,False,False,False,False
0.025888864877172107,0.14606407216934694,0.915932489622747,0.16595656187807778,0.0,-0.4405169928047452,-0.2512831067871273,-0.04370741853627407,0.30833491942238933,0.17263060129453106,0.3503479446357141,0.15174424466672096,0.24785771543160817,0.08045179867091354,-0.20033416898825332,0.12782749814122799,-0.3386670053338413,-0.510552793094482,-0.34849271669648946,False,False,False,False,False,False,False,False,False,False,False,False,False,False,False,False,False,False,False,False,False,False,False,False,False,False,False,False,False,False,True,False,False,False,False,False,False,False,False,False
0.025888864877172107,0.14606407216934694,-0.5939898125441512,0.16595656187807778,0.0,-0.3849986415570312,-0.7164560008990118,-0.04370741853627407,0.30833491942238933,0.17263060129453106,0.3503479446357141,0.15174424466672096,0.24785771543160817,0.08045179867091354,-0.20033416898825332,0.12782749814122799,-0.3386670053338413,-0.510552793094482,-0.2945130199172302,False,True,False,False,False,False,False,False,False,False,False,False,False,False,False,False,False,False,False,False,False,False,False,False,False,False,False,False,False,False,False,False,False,False,False,True,False,False,False,False
0.025888864877172107,0.14606407216934694,-0.8037012434006647,0.16595656187807778,0.0,-0.19376876503712714,-0.7164560008990118,-0.04370741853627407,0.30833491942238933,0.17263060129453106,0.3503479446357141,0.15174424466672096,0.24785771543160817,0.08045179867091354,-0.20033416898825332,0.12782749814122799,-0.3386670053338413,-0.510552793094482,-0.4964370708322369,False,True,False,False,False,False,False,False,False,False,False,False,False,False,False,False,False,False,False,False,False,False,False,False,False,False,False,False,False,False,False,False,False,False,False,True,False,False,False,False
0.025888864877172107,0.14606407216934694,-0.17456695083112386,0.16595656187807778,0.0,0.24009686878760134,-0.2512831067871273,-0.04370741853627407,0.30833491942238933,0.17263060129453106,0.3503479446357141,0.15174424466672096,0.24785771543160817,0.08045179867091354,-0.20033416898825332,0.12782749814122799,-0.3386670053338413,-0.510552793094482,0.3132583808566515,False,True,False,False,False,False,False,False,False,False,False,False,False,False,False,False,False,False,False,False,False,False,False,False,False,False,False,False,False,False,False,False,False,False,False,True,False,False,False,False
0.025888864877172107,0.14606407216934694,-0.8875858157432702,0.16595656187807778,0.0,0.14962251860614137,-0.2512831067871273,-0.04370741853627407,0.30833491942238933,0.17263060129453106,0.3503479446357141,0.15174424466672096,0.24785771543160817,0.08045179867091354,-0.20033416898825332,0.12782749814122799,-0.3386670053338413,-0.510552793094482,0.22529146758674753,False,True,False,False,False,False,False,False,False,False,False,False,False,False,False,False,False,False,False,False,False,False,False,False,False,False,False,False,False,False,False,False,False,False,False,True,False,False,False,False
0.025888864877172107,0.14606407216934694,-1.223124105113692,0.16595656187807778,0.0,-0.014876299905604018,-0.7164560008990118,-0.04370741853627407,0.30833491942238933,0.17263060129453106,0.3503479446357141,0.15174424466672096,0.24785771543160817,0.08045179867091354,-0.20033416898825332,0.12782749814122799,-0.3386670053338413,-0.510552793094482,0.06535162527783131,False,True,False,False,False,False,False,False,False,False,False,False,False,False,False,False,False,False,False,False,False,False,False,False,False,False,False,False,False,False,False,False,False,False,False,False,True,False,False,False
0.025888864877172107,0.14606407216934694,0.16097133853929796,0.16595656187807778,0.0,-0.19376876503712714,-0.7164560008990118,-0.04370741853627407,0.30833491942238933,0.17263060129453106,0.3503479446357141,0.15174424466672096,0.24785771543160817,0.08045179867091354,-0.20033416898825332,0.12782749814122799,-0.3386670053338413,-0.510552793094482,-0.4964370708322369,False,True,False,False,False,False,False,False,False,False,False,False,False,False,False,False,False,False,False,False,False,False,False,False,False,False,False,False,False,False,False,False,False,False,False,True,False,False,False,False
0.025888864877172107,0.14606407216934694,-0.6778743848867566,0.16595656187807778,0.0,0.435439215770299,0.21388978732475722,-0.04370741853627407,0.30833491942238933,0.17263060129453106,0.3503479446357141,0.15174424466672096,0.24785771543160817,0.08045179867091354,-0.20033416898825332,0.12782749814122799,-0.3386670053338413,-0.510552793094482,0.5031869435984895,False,True,False,False,False,False,False,False,False,False,False,False,False,False,False,False,False,False,False,False,False,False,False,False,False,False,False,False,False,False,False,False,False,False,False,False,False,False,False,True
0.025888864877172107,0.14606407216934694,-0.17456695083112386,0.16595656187807778,0.0,0.435439215770299,-0.2512831067871273,-0.04370741853627407,0.30833491942238933,0.17263060129453106,0.3503479446357141,0.15174424466672096,0.24785771543160817,0.08045179867091354,-0.20033416898825332,0.12782749814122799,-0.3386670053338413,-0.510552793094482,0.5031869435984895,False,False,False,False,False,False,False,False,False,False,False,False,False,False,False,False,False,False,False,False,False,False,False,False,False,False,False,False,False,False,False,False,False,False,False,False,True,False,False,False
0.025888864877172107,0.14606407216934694,-0.006797806145912957,0.16595656187807778,0.0,-0.19376876503712714,-0.2512831067871273,-0.04370741853627407,0.30833491942238933,0.17263060129453106,0.3503479446357141,0.15174424466672096,0.24785771543160817,0.08045179867091354,-0.20033416898825332,0.12782749814122799,-0.3386670053338413,-0.510552793094482,-0.4964370708322369,False,True,False,False,False,False,False,False,False,False,False,False,False,False,False,False,False,False,False,False,False,False,False,False,False,False,False,False,False,False,False,False,False,False,False,True,False,False,False,False
0.025888864877172107,0.14606407216934694,1.1675862066505633,0.16595656187807778,0.0,-0.28013064475579347,-0.7164560008990118,-0.04370741853627407,0.30833491942238933,0.17263060129453106,0.3503479446357141,0.15174424466672096,0.24785771543160817,0.08045179867091354,-0.20033416898825332,0.12782749814122799,-0.3386670053338413,-0.510552793094482,-0.1925513704452961,False,True,False,False,False,False,False,False,False,False,False,False,False,False,False,False,False,False,False,False,False,False,False,False,False,False,False,False,False,False,False,False,False,False,False,True,False,False,False,False
0.025888864877172107,0.14606407216934694,1.670893640706196,0.16595656187807778,0.0,-0.22255605827668257,-0.7164560008990118,-0.04370741853627407,0.30833491942238933,0.17263060129453106,0.3503479446357141,0.15174424466672096,0.24785771543160817,0.08045179867091354,-0.20033416898825332,0.12782749814122799,-0.3386670053338413,-0.510552793094482,-0.13657242563717542,False,False,False,False,False,False,False,False,False,False,False,False,False,False,False,False,False,False,False,False,False,False,False,False,False,False,False,False,False,False,False,False,False,False,False,True,False,False,False,False
0.025888864877172107,0.14606407216934694,-1.0134126742571783,0.16595656187807778,0.0,0.435439215770299,-0.7164560008990118,-0.04370741853627407,0.30833491942238933,0.17263060129453106,0.3503479446357141,0.15174424466672096,0.24785771543160817,0.08045179867091354,-0.20033416898825332,0.12782749814122799,-0.3386670053338413,-0.510552793094482,0.5031869435984895,False,True,False,False,False,False,False,False,False,False,False,False,False,False,False,False,False,False,False,False,False,False,False,False,False,False,False,False,False,False,False,False,False,False,False,False,False,False,False,True
0.025888864877172107,0.14606407216934694,-1.055354960428481,0.16595656187807778,0.0,-0.4343482871105548,-0.7164560008990118,-0.04370741853627407,0.30833491942238933,0.17263060129453106,0.3503479446357141,0.15174424466672096,0.24785771543160817,0.08045179867091354,-0.20033416898825332,0.12782749814122799,-0.3386670053338413,-0.510552793094482,-0.3424949726099051,False,True,False,False,False,False,False,False,False,False,False,False,False,False,False,False,False,False,False,False,False,False,False,False,False,False,False,False,False,False,False,False,False,False,False,True,False,False,False,False
0.025888864877172107,0.14606407216934694,-1.1811818189423893,0.16595656187807778,0.0,-0.07039465115331808,-0.7164560008990118,-0.04370741853627407,0.30833491942238933,0.17263060129453106,0.3503479446357141,0.15174424466672096,0.24785771543160817,0.08045179867091354,-0.20033416898825332,0.12782749814122799,-0.3386670053338413,-0.510552793094482,0.011371928498572081,False,True,False,False,False,False,False,False,False,False,False,False,False,False,False,False,False,False,False,False,False,False,False,False,False,False,False,False,False,False,False,False,False,False,False,False,True,False,False,False
0.025888864877172107,0.14606407216934694,-0.006797806145912957,0.16595656187807778,0.0,-0.1670377070289685,-0.7164560008990118,-0.04370741853627407,0.30833491942238933,0.17263060129453106,0.3503479446357141,0.15174424466672096,0.24785771543160817,0.08045179867091354,-0.20033416898825332,0.12782749814122799,-0.3386670053338413,-0.510552793094482,-0.0825927288579162,False,True,False,False,False,False,False,False,False,False,False,False,False,False,False,False,False,False,False,False,False,False,False,False,False,False,False,False,False,False,False,False,False,False,False,True,False,False,False,False
0.025888864877172107,0.14606407216934694,0.6684730012120609,0.16595656187807778,0.0,0.03241711041652278,-0.7164560008990118,-0.04370741853627407,0.30833491942238933,0.17263060129453106,0.3503479446357141,0.15174424466672096,0.24785771543160817,0.08045179867091354,-0.20033416898825332,0.12782749814122799,-0.3386670053338413,-0.510552793094482,0.11133432994164473,False,False,False,False,False,False,False,False,False,False,False,False,False,False,False,False,False,False,False,False,False,False,False,False,False,False,False,False,False,False,False,False,False,False,False,False,False,False,True,False
0.025888864877172107,0.14606407216934694,-1.0469665031942206,0.16595656187807778,0.0,-0.32536781984652346,-0.7164560008990118,-0.04370741853627407,0.30833491942238933,0.17263060129453106,0.3503479446357141,0.15174424466672096,0.24785771543160817,0.08045179867091354,-0.20033416898825332,0.12782749814122799,-0.3386670053338413,-0.510552793094482,-0.23653482708024806,False,True,False,False,False,False,False,False,False,False,False,False,False,False,False,False,False,False,False,False,False,False,False,False,False,False,False,False,False,False,False,False,False,False,False,True,False,False,False,False
0.025888864877172107,0.14606407216934694,2.006431930076618,0.16595656187807778,0.0,-0.19376876503712714,-0.7164560008990118,-0.04370741853627407,0.30833491942238933,0.17263060129453106,0.3503479446357141,0.15174424466672096,0.24785771543160817,0.08045179867091354,-0.20033416898825332,0.12782749814122799,-0.3386670053338413,-0.510552793094482,-0.4964370708322369,False,False,False,False,False,False,False,False,False,False,False,False,False,False,False,False,False,False,False,False,False,False,False,False,False,False,False,False,False,False,False,False,False,False,False,False,False,False,True,False
0.025888864877172107,0.14606407216934694,0.7481633449375361,0.16595656187807778,0.0,0.007742287639760974,-0.2512831067871273,-0.04370741853627407,0.30833491942238933,0.17263060129453106,0.3503479446357141,0.15174424466672096,0.24785771543160817,0.08045179867091354,-0.20033416898825332,0.12782749814122799,-0.3386670053338413,-0.510552793094482,0.08734335359530729,False,False,False,False,False,False,False,True,False,False,False,False,False,False,False,False,False,False,False,False,False,False,False,False,False,False,False,False,False,False,False,False,False,False,False,False,False,False,False,False
0.025888864877172107,0.14606407216934694,0.3287572601389774,0.16595656187807778,0.0,0.23187192786201408,-0.2512831067871273,-0.04370741853627407,0.30833491942238933,0.17263060129453106,0.3503479446357141,0.15174424466672096,0.24785771543160817,0.08045179867091354,-0.20033416898825332,0.12782749814122799,-0.3386670053338413,-0.510552793094482,0.3052613887412057,False,True,False,False,False,False,False,True,False,False,False,False,False,False,False,False,False,False,False,False,False,False,False,False,False,False,False,False,False,False,False,False,False,False,False,False,False,False,False,False
0.025888864877172107,0.14606407216934694,-0.006797806145912957,0.16595656187807778,0.0,-0.2390059401278571,-0.2512831067871273,-0.04370741853627407,0.30833491942238933,0.17263060129453106,0.3503479446357141,0.15174424466672096,0.24785771543160817,0.08045179867091354,-0.20033416898825332,0.12782749814122799,-0.3386670053338413,-0.510552793094482,-0.15256640986806705,False,True,False,False,False,False,False,False,False,False,False,False,False,False,False,False,False,False,False,False,False,False,False,False,False,False,False,False,False,False,False,False,False,False,False,True,False,False,False,False
0.025888864877172107,0.14606407216934694,0.16097133853929796,0.16595656187807778,0.0,-0.18554382411153986,-0.2512831067871273,-0.04370741853627407,0.30833491942238933,0.17263060129453106,0.3503479446357141,0.15174424466672096,0.24785771543160817,0.08045179867091354,-0.20033416898825332,0.12782749814122799,-0.3386670053338413,-0.510552793094482,-0.10058596111766928,False,False,False,False,False,False,False,False,False,False,False,False,False,False,False,False,False,False,False,False,False,False,False,False,False,False,False,False,False,False,False,False,False,False,False,False,False,False,False,True
0.025888864877172107,0.14606407216934694,0.16097133853929796,0.16595656187807778,0.0,-0.19376876503712714,-0.2512831067871273,-0.04370741853627407,0.30833491942238933,0.17263060129453106,0.3503479446357141,0.15174424466672096,0.24785771543160817,0.08045179867091354,-0.20033416898825332,0.12782749814122799,-0.3386670053338413,-0.510552793094482,-0.4964370708322369,False,True,False,False,False,False,False,False,False,False,False,False,False,False,False,False,False,False,False,False,False,False,False,False,False,False,False,False,False,False,False,False,False,False,False,True,False,False,False,False
0.025888864877172107,0.14606407216934694,0.16097133853929796,0.16595656187807778,0.0,-0.19376876503712714,-0.2512831067871273,-0.04370741853627407,0.30833491942238933,0.17263060129453106,0.3503479446357141,0.15174424466672096,0.24785771543160817,0.08045179867091354,-0.20033416898825332,0.12782749814122799,-0.3386670053338413,-0.510552793094482,-0.4964370708322369,False,True,False,False,False,False,False,False,False,False,False,False,False,False,False,False,False,False,False,False,False,False,False,False,False,False,False,False,False,False,False,False,False,False,False,True,False,False,False,False
0.025888864877172107,0.14606407216934694,0.8320479172801416,0.16595656187807778,0.0,-0.19376876503712714,-0.2512831067871273,-0.04370741853627407,0.30833491942238933,0.17263060129453106,0.3503479446357141,0.15174424466672096,0.24785771543160817,0.08045179867091354,-0.20033416898825332,0.12782749814122799,-0.3386670053338413,-0.510552793094482,-0.4964370708322369,False,False,False,False,False,False,False,False,False,False,False,False,False,False,False,False,False,False,False,False,False,False,False,False,False,False,False,False,False,False,False,False,False,False,False,False,False,False,True,False
0.025888864877172107,0.14606407216934694,-0.5101052402015457,0.16595656187807778,0.0,-0.19376876503712714,-0.2512831067871273,-0.04370741853627407,0.30833491942238933,0.17263060129453106,0.3503479446357141,0.15174424466672096,0.24785771543160817,0.08045179867091354,-0.20033416898825332,0.12782749814122799,-0.3386670053338413,-0.510552793094482,-0.4964370708322369,False,True,False,False,False,False,False,False,False,False,False,False,False,False,False,False,False,False,False,False,False,False,False,False,False,False,False,False,False,False,False,False,False,False,False,False,False,False,False,True
0.025888864877172107,0.14606407216934694,-0.5939898125441512,0.16595656187807778,0.0,-0.3438739369290948,-0.2512831067871273,-0.04370741853627407,0.30833491942238933,0.17263060129453106,0.3503479446357141,0.15174424466672096,0.24785771543160817,0.08045179867091354,-0.20033416898825332,0.12782749814122799,-0.3386670053338413,-0.510552793094482,-0.25452805934000117,False,True,False,False,False,False,False,True,False,False,False,False,False,False,False,False,False,False,False,False,False,False,False,False,False,False,False,False,False,False,False,False,False,False,False,False,False,False,False,False
0.025888864877172107,0.14606407216934694,0.6642787725949306,0.16595656187807778,0.0,-0.19376876503712714,-0.2512831067871273,-0.04370741853627407,0.30833491942238933,0.17263060129453106,0.3503479446357141,0.15174424466672096,0.24785771543160817,0.08045179867091354,-0.20033416898825332,0.12782749814122799,-0.3386670053338413,-0.510552793094482,-0.4964370708322369,False,True,False,False,False,False,False,False,False,False,False,False,False,False,False,False,False,False,False,False,False,False,False,False,False,False,False,False,False,False,False,False,False,False,False,False,False,False,True,False
0.025888864877172107,0.14606407216934694,0.16097133853929796,0.16595656187807778,0.0,-0.19376876503712714,-0.2512831067871273,-0.04370741853627407,0.30833491942238933,0.17263060129453106,0.3503479446357141,0.15174424466672096,0.24785771543160817,0.08045179867091354,-0.20033416898825332,0.12782749814122799,-0.3386670053338413,-0.510552793094482,-0.4964370708322369,True,False,False,False,False,False,False,False,False,False,False,False,False,False,False,False,False,False,False,False,False,False,False,False,False,False,False,False,False,False,False,False,False,False,False,True,False,False,False,False
0.025888864877172107,0.14606407216934694,-1.223124105113692,0.16595656187807778,0.0,-0.17115017749176215,-0.2512831067871273,-0.04370741853627407,0.30833491942238933,0.17263060129453106,0.3503479446357141,0.15174424466672096,0.24785771543160817,0.08045179867091354,-0.20033416898825332,0.12782749814122799,-0.3386670053338413,-0.510552793094482,-0.08659122491563911,False,True,False,False,False,False,False,False,False,False,False,False,False,False,False,False,False,False,False,False,False,False,False,False,False,False,False,False,False,False,False,False,False,False,False,False,True,False,False,False
0.025888864877172107,0.14606407216934694,-1.3489509636276003,0.16595656187807778,0.0,-0.3562113483174757,-0.2512831067871273,-0.04370741853627407,0.30833491942238933,0.17263060129453106,0.3503479446357141,0.15174424466672096,0.24785771543160817,0.08045179867091354,-0.20033416898825332,0.12782749814122799,-0.3386670053338413,-0.510552793094482,-0.26652354751316987,True,False,False,False,False,False,False,False,False,False,False,False,False,False,False,False,False,False,False,False,False,False,False,False,False,False,False,False,False,False,False,False,False,False,False,True,False,False,False,False
0.025888864877172107,0.14606407216934694,-0.17456695083112386,0.16595656187807778,0.0,-0.19376876503712714,-0.2512831067871273,-0.04370741853627407,0.30833491942238933,0.17263060129453106,0.3503479446357141,0.15174424466672096,0.24785771543160817,0.08045179867091354,-0.20033416898825332,0.12782749814122799,-0.3386670053338413,-0.510552793094482,-0.4964370708322369,True,False,False,False,False,False,False,True,False,False,False,False,False,False,False,False,False,False,False,False,False,False,False,False,False,False,False,False,False,False,False,False,False,False,False,False,False,False,False,False
0.025888864877172107,0.14606407216934694,0.4126250555671143,0.16595656187807778,0.0,-0.19376876503712714,-0.2512831067871273,-0.04370741853627407,0.30833491942238933,0.17263060129453106,0.3503479446357141,0.15174424466672096,0.24785771543160817,0.08045179867091354,-0.20033416898825332,0.12782749814122799,-0.3386670053338413,-0.510552793094482,-0.4964370708322369,False,False,False,False,False,False,False,False,False,False,False,False,False,False,False,False,False,False,False,False,False,False,False,False,False,False,False,False,False,False,False,False,False,False,False,True,False,False,False,False
0.025888864877172107,0.14606407216934694,-1.1811818189423893,0.16595656187807778,0.0,0.435439215770299,-0.2512831067871273,-0.04370741853627407,0.30833491942238933,0.17263060129453106,0.3503479446357141,0.15174424466672096,0.24785771543160817,0.08045179867091354,-0.20033416898825332,0.12782749814122799,-0.3386670053338413,-0.510552793094482,0.5031869435984895,False,False,False,False,False,False,False,False,False,False,False,False,False,False,False,False,False,False,False,False,False,False,False,False,False,False,False,False,False,False,False,False,False,False,False,True,False,False,False,False
0.025888864877172107,0.14606407216934694,0.49650962790971975,0.16595656187807778,0.0,-0.4076172291023961,-0.2512831067871273,-0.04370741853627407,0.30833491942238933,0.17263060129453106,0.3503479446357141,0.15174424466672096,0.24785771543160817,0.08045179867091354,-0.20033416898825332,0.12782749814122799,-0.3386670053338413,-0.510552793094482,-0.3165047482347062,False,False,False,False,False,False,False,False,False,False,False,False,False,False,False,False,False,False,False,False,False,False,False,False,False,False,False,False,False,False,False,False,False,False,False,True,False,False,False,False
0.025888864877172107,0.14606407216934694,-0.8456435295719675,0.16595656187807778,0.0,-0.19376876503712714,-0.2512831067871273,-0.04370741853627407,0.30833491942238933,0.17263060129453106,0.3503479446357141,0.15174424466672096,0.24785771543160817,0.08045179867091354,-0.20033416898825332,0.12782749814122799,-0.3386670053338413,-0.510552793094482,-0.4964370708322369,False,True,False,False,False,False,False,False,False,False,False,False,False,False,False,False,False,False,False,False,False,False,False,False,False,False,False,False,False,False,False,False,False,False,False,True,False,False,False,False
0.025888864877172107,0.14606407216934694,-0.17456695083112386,0.16595656187807778,0.0,-0.4549106394245229,-0.2512831067871273,-0.04370741853627407,0.30833491942238933,0.17263060129453106,0.3503479446357141,0.15174424466672096,0.24785771543160817,0.08045179867091354,-0.20033416898825332,0.12782749814122799,-0.3386670053338413,-0.510552793094482,-0.3624874528985196,False,True,False,False,False,False,False,False,False,False,False,False,False,False,False,False,False,False,False,False,False,False,False,False,False,False,False,False,False,False,False,False,False,False,False,False,False,False,False,True
0.025888864877172107,0.14606407216934694,-0.34233609551633476,0.16595656187807778,0.0,-0.3397614664663012,-0.2512831067871273,-0.04370741853627407,0.30833491942238933,0.17263060129453106,0.3503479446357141,0.15174424466672096,0.24785771543160817,0.08045179867091354,-0.20033416898825332,0.12782749814122799,-0.3386670053338413,-0.510552793094482,-0.25052956328227827,True,False,False,False,False,False,False,False,False,False,False,False,False,False,False,False,False,False,False,False,False,False,False,False,False,False,False,False,False,False,False,False,False,False,False,False,False,False,False,True
0.025888864877172107,0.14606407216934694,-1.0134126742571783,0.16595656187807778,0.0,-0.19376876503712714,-0.2512831067871273,-0.04370741853627407,0.30833491942238933,0.17263060129453106,0.3503479446357141,0.15174424466672096,0.24785771543160817,0.08045179867091354,-0.20033416898825332,0.12782749814122799,-0.3386670053338413,-0.510552793094482,-0.4964370708322369,False,True,False,False,False,False,False,False,False,False,False,False,False,False,False,False,False,False,False,False,False,False,False,False,False,False,False,False,False,False,False,False,False,False,False,True,False,False,False,False
0.025888864877172107,0.14606407216934694,0.6642787725949306,0.16595656187807778,0.0,-0.19376876503712714,-0.2512831067871273,-0.04370741853627407,0.30833491942238933,0.17263060129453106,0.3503479446357141,0.15174424466672096,0.24785771543160817,0.08045179867091354,-0.20033416898825332,0.12782749814122799,-0.3386670053338413,-0.510552793094482,-0.4964370708322369,False,False,False,False,False,False,False,False,False,False,False,False,False,False,False,False,False,False,False,False,False,False,False,False,False,False,False,False,False,False,False,False,False,False,False,True,False,False,False,False
0.025888864877172107,0.14606407216934694,0.16097133853929796,0.16595656187807778,0.0,-0.4754729917384911,-0.2512831067871273,-0.04370741853627407,0.30833491942238933,0.17263060129453106,0.3503479446357141,0.15174424466672096,0.24785771543160817,0.08045179867091354,-0.20033416898825332,0.12782749814122799,-0.3386670053338413,-0.510552793094482,-0.38247993318713414,False,False,False,False,False,False,False,True,False,False,False,False,False,False,False,False,False,False,False,False,False,False,False,False,False,False,False,False,False,False,False,False,False,False,False,False,False,False,False,False
0.025888864877172107,0.14606407216934694,0.16097133853929796,0.16595656187807778,0.0,-0.19376876503712714,-0.2512831067871273,-0.04370741853627407,0.30833491942238933,0.17263060129453106,0.3503479446357141,0.15174424466672096,0.24785771543160817,0.08045179867091354,-0.20033416898825332,0.12782749814122799,-0.3386670053338413,-0.510552793094482,-0.4964370708322369,False,True,False,False,False,False,False,False,False,False,False,False,False,False,False,False,False,False,False,False,False,False,False,False,False,False,False,False,False,False,False,False,False,False,False,True,False,False,False,False
0.025888864877172107,0.14606407216934694,-0.9295281019145729,0.16595656187807778,0.0,-0.4158421700279834,-0.7164560008990118,-0.04370741853627407,0.30833491942238933,0.17263060129453106,0.3503479446357141,0.15174424466672096,0.24785771543160817,0.08045179867091354,-0.20033416898825332,0.12782749814122799,-0.3386670053338413,-0.510552793094482,-0.324501740350152,False,True,False,False,False,False,False,False,False,False,False,False,False,False,False,False,False,False,False,False,False,False,False,False,False,False,False,False,False,False,False,False,False,False,False,True,False,False,False,False
0.025888864877172107,0.14606407216934694,0.3287421609159557,0.16595656187807778,0.0,-0.19376876503712714,-0.2512831067871273,-0.04370741853627407,0.30833491942238933,0.17263060129453106,0.3503479446357141,0.15174424466672096,0.24785771543160817,0.08045179867091354,-0.20033416898825332,0.12782749814122799,-0.3386670053338413,-0.510552793094482,-0.4964370708322369,False,True,False,False,False,False,False,False,False,False,False,False,False,False,False,False,False,False,False,False,False,False,False,False,False,False,False,False,False,False,False,False,False,False,False,True,False,False,False,False
0.025888864877172107,0.14606407216934694,-1.3489509636276003,0.16595656187807778,0.0,-0.09918194439287353,-0.2512831067871273,-0.04370741853627407,0.30833491942238933,0.17263060129453106,0.3503479446357141,0.15174424466672096,0.24785771543160817,0.08045179867091354,-0.20033416898825332,0.12782749814122799,-0.3386670053338413,-0.510552793094482,-0.01661754390548826,False,True,False,False,False,False,False,True,False,False,False,False,False,False,False,False,False,False,False,False,False,False,False,False,False,False,False,False,False,False,False,False,False,False,False,False,False,False,False,False
0.025888864877172107,0.14606407216934694,-0.8456435295719675,0.16595656187807778,0.0,-0.4487419337303325,-0.2512831067871273,-0.04370741853627407,0.30833491942238933,0.17263060129453106,0.3503479446357141,0.15174424466672096,0.24785771543160817,0.08045179867091354,-0.20033416898825332,0.12782749814122799,-0.3386670053338413,-0.510552793094482,-0.35648970881193526,True,False,False,False,False,False,False,False,False,False,False,False,False,False,False,False,False,False,False,False,False,False,False,False,False,False,False,False,False,False,False,False,False,False,False,True,False,False,False,False
0.025888864877172107,0.14606407216934694,0.4126250555671143,0.16595656187807778,0.0,-0.19376876503712714,-0.2512831067871273,-0.04370741853627407,0.30833491942238933,0.17263060129453106,0.3503479446357141,0.15174424466672096,0.24785771543160817,0.08045179867091354,-0.20033416898825332,0.12782749814122799,-0.3386670053338413,-0.510552793094482,-0.4964370708322369,False,True,False,False,False,False,False,False,False,False,False,False,False,False,False,False,False,False,False,False,False,False,False,False,False,False,False,False,False,False,False,False,False,False,False,True,False,False,False,False
0.025888864877172107,0.14606407216934694,-0.17456695083112386,0.16595656187807778,0.0,-0.19376876503712714,-0.2512831067871273,-0.04370741853627407,0.30833491942238933,0.17263060129453106,0.3503479446357141,0.15174424466672096,0.24785771543160817,0.08045179867091354,-0.20033416898825332,0.12782749814122799,-0.3386670053338413,-0.510552793094482,-0.4964370708322369,False,True,False,False,False,False,False,False,False,False,False,False,False,False,False,False,False,False,False,False,False,False,False,False,False,False,False,False,False,False,False,False,False,False,False,True,False,False,False,False
0.025888864877172107,0.14606407216934694,-0.9295281019145729,0.16595656187807778,0.0,0.1043853435154114,-0.2512831067871273,-0.04370741853627407,0.30833491942238933,0.17263060129453106,0.3503479446357141,0.15174424466672096,0.24785771543160817,0.08045179867091354,-0.20033416898825332,0.12782749814122799,-0.3386670053338413,-0.510552793094482,0.18130801095179558,True,False,False,False,False,False,False,False,False,False,False,False,False,False,False,False,False,False,False,False,False,False,False,False,False,False,False,False,False,False,False,False,False,False,False,False,False,False,False,True
0.025888864877172107,0.14606407216934694,0.16097133853929796,0.16595656187807778,0.0,-0.4631355803501102,-0.2512831067871273,-0.04370741853627407,0.30833491942238933,0.17263060129453106,0.3503479446357141,0.15174424466672096,0.24785771543160817,0.08045179867091354,-0.20033416898825332,0.12782749814122799,-0.3386670053338413,-0.510552793094482,-0.37048444501396544,False,True,False,False,False,False,False,False,False,False,False,False,False,False,False,False,False,False,False,False,False,False,False,False,False,False,False,False,False,False,False,False,False,False,False,False,False,False,False,True
0.025888864877172107,0.14606407216934694,-0.9295281019145729,0.16595656187807778,0.0,-0.19376876503712714,-0.2512831067871273,-0.04370741853627407,0.30833491942238933,0.17263060129453106,0.3503479446357141,0.15174424466672096,0.24785771543160817,0.08045179867091354,-0.20033416898825332,0.12782749814122799,-0.3386670053338413,-0.510552793094482,-0.4964370708322369,False,True,False,False,False,False,False,False,False,False,False,False,False,False,False,False,False,False,False,False,False,False,False,False,False,False,False,False,False,False,False,False,False,False,False,True,False,False,False,False
0.025888864877172107,0.14606407216934694,0.16097133853929796,0.16595656187807778,0.0,-0.19376876503712714,-0.2512831067871273,-0.04370741853627407,0.30833491942238933,0.17263060129453106,0.3503479446357141,0.15174424466672096,0.24785771543160817,0.08045179867091354,-0.20033416898825332,0.12782749814122799,-0.3386670053338413,-0.510552793094482,-0.4964370708322369,False,False,False,False,False,False,False,True,False,False,False,False,False,False,False,False,False,False,False,False,False,False,False,False,False,False,False,False,False,False,False,False,False,False,False,False,False,False,False,False
0.025888864877172107,0.14606407216934694,1.083701634307958,0.16595656187807778,0.0,-0.12385676716963534,-0.2512831067871273,-0.04370741853627407,0.30833491942238933,0.17263060129453106,0.3503479446357141,0.15174424466672096,0.24785771543160817,0.08045179867091354,-0.20033416898825332,0.12782749814122799,-0.3386670053338413,-0.510552793094482,-0.040608520251825694,True,False,False,False,False,False,False,True,False,False,False,False,False,False,False,False,False,False,False,False,False,False,False,False,False,False,False,False,False,False,False,False,False,False,False,False,False,False,False,False
0.025888864877172107,0.14606407216934694,-0.17456695083112386,0.16595656187807778,0.0,-0.3685487597058566,-0.2512831067871273,-0.04370741853627407,0.30833491942238933,0.17263060129453106,0.3503479446357141,0.15174424466672096,0.24785771543160817,0.08045179867091354,-0.20033416898825332,0.12782749814122799,-0.3386670053338413,-0.510552793094482,-0.27851903568633857,True,False,False,False,False,False,False,True,False,False,False,False,False,False,False,False,False,False,False,False,False,False,False,False,False,False,False,False,False,False,False,False,False,False,False,False,False,False,False,False
0.025888864877172107,0.14606407216934694,-0.6778727071953097,0.16595656187807778,0.0,0.42104556915052127,-0.2512831067871273,-0.04370741853627407,0.30833491942238933,0.17263060129453106,0.3503479446357141,0.15174424466672096,0.24785771543160817,0.08045179867091354,-0.20033416898825332,0.12782749814122799,-0.3386670053338413,-0.510552793094482,0.4891922073964593,False,True,False,False,False,False,False,False,False,False,False,False,False,False,False,False,False,False,False,False,False,False,False,False,False,False,False,False,False,False,False,False,False,False,False,False,False,False,False,True
0.025888864877172107,0.14606407216934694,0.16097133853929796,0.16595656187807778,0.0,-0.11151935578125444,-0.2512831067871273,-0.04370741853627407,0.30833491942238933,0.17263060129453106,0.3503479446357141,0.15174424466672096,0.24785771543160817,0.08045179867091354,-0.20033416898825332,0.12782749814122799,-0.3386670053338413,-0.510552793094482,-0.028613032078656977,True,False,False,False,False,False,False,False,False,False,False,False,False,False,False,False,False,False,False,False,False,False,False,False,False,False,False,False,False,False,False,False,False,False,False,True,False,False,False,False
0.025888864877172107,0.14606407216934694,-0.5101052402015457,0.16595656187807778,0.0,-0.19376876503712714,-0.2512831067871273,-0.04370741853627407,0.30833491942238933,0.17263060129453106,0.3503479446357141,0.15174424466672096,0.24785771543160817,0.08045179867091354,-0.20033416898825332,0.12782749814122799,-0.3386670053338413,-0.510552793094482,-0.4964370708322369,True,False,False,False,False,False,False,False,False,False,False,False,False,False,False,False,False,False,False,False,False,False,False,False,False,False,False,False,False,False,False,False,False,False,False,False,False,False,False,True
0.025888864877172107,0.14606407216934694,-1.4328355359702056,0.16595656187807778,0.0,-0.19376876503712714,-0.2512831067871273,-0.04370741853627407,0.30833491942238933,0.17263060129453106,0.3503479446357141,0.15174424466672096,0.24785771543160817,0.08045179867091354,-0.20033416898825332,0.12782749814122799,-0.3386670053338413,-0.510552793094482,-0.4964370708322369,True,False,False,False,False,False,False,False,False,False,False,False,False,False,False,False,False,False,False,False,False,False,False,False,False,False,False,False,False,False,False,False,False,False,False,True,False,False,False,False
0.025888864877172107,0.14606407216934694,-0.5101052402015457,0.16595656187807778,0.0,-0.19376876503712714,-0.2512831067871273,-0.04370741853627407,0.30833491942238933,0.17263060129453106,0.3503479446357141,0.15174424466672096,0.24785771543160817,0.08045179867091354,-0.20033416898825332,0.12782749814122799,-0.3386670053338413,-0.510552793094482,-0.4964370708322369,False,True,False,False,False,False,False,False,False,False,False,False,False,False,False,False,False,False,False,False,False,False,False,False,False,False,False,False,False,False,False,False,False,False,False,True,False,False,False,False
0.025888864877172107,0.14606407216934694,-0.6778743848867566,0.16595656187807778,0.0,-0.19376876503712714,-0.7164560008990118,-0.04370741853627407,0.30833491942238933,0.17263060129453106,0.3503479446357141,0.15174424466672096,0.24785771543160817,0.08045179867091354,-0.20033416898825332,0.12782749814122799,-0.3386670053338413,-0.510552793094482,-0.4964370708322369,False,False,False,False,False,False,False,True,False,False,False,False,False,False,False,False,False,False,False,False,False,False,False,False,False,False,False,False,False,False,False,False,False,False,False,False,False,False,False,False
0.025888864877172107,0.14606407216934694,-0.006797806145912957,0.16595656187807778,0.0,-0.19376876503712714,-0.2512831067871273,-0.04370741853627407,0.30833491942238933,0.17263060129453106,0.3503479446357141,0.15174424466672096,0.24785771543160817,0.08045179867091354,-0.20033416898825332,0.12782749814122799,-0.3386670053338413,-0.510552793094482,-0.4964370708322369,False,True,False,False,False,False,False,True,False,False,False,False,False,False,False,False,False,False,False,False,False,False,False,False,False,False,False,False,False,False,False,False,False,False,False,False,False,False,False,False
0.025888864877172107,0.14606407216934694,-0.5436590691385879,-10.81542444750101,0.0,-0.4035047586396025,-0.2512831067871273,-0.04370741853627407,0.30833491942238933,0.17263060129453106,0.3503479446357141,0.15174424466672096,0.24785771543160817,0.08045179867091354,-0.20033416898825332,0.12782749814122799,-0.3386670053338413,-0.510552793094482,-0.3125062521769833,False,True,False,False,False,False,False,False,False,False,False,False,False,False,False,False,False,False,False,False,False,False,False,False,False,False,False,False,False,False,False,False,False,False,False,False,False,False,False,True
0.025888864877172107,0.14606407216934694,-0.5101052402015457,0.16595656187807778,0.0,-0.1752626479545558,-0.2512831067871273,-0.04370741853627407,0.30833491942238933,0.17263060129453106,0.3503479446357141,0.15174424466672096,0.24785771543160817,0.08045179867091354,-0.20033416898825332,0.12782749814122799,-0.3386670053338413,-0.510552793094482,-0.09058972097336201,True,False,False,False,False,False,False,False,False,False,False,False,False,False,False,False,False,False,False,False,False,False,False,False,False,False,False,False,False,False,True,False,False,False,False,False,False,False,False,False
0.025888864877172107,0.14606407216934694,0.32874048322450883,0.16595656187807778,0.0,0.015967228565348244,-0.2512831067871273,-0.04370741853627407,0.30833491942238933,0.17263060129453106,0.3503479446357141,0.15174424466672096,0.24785771543160817,0.08045179867091354,-0.20033416898825332,0.12782749814122799,-0.3386670053338413,-0.510552793094482,0.0953403457107531,True,False,False,False,False,False,False,True,False,False,False,False,False,False,False,False,False,False,False,False,False,False,False,False,False,False,False,False,False,False,False,False,False,False,False,False,False,False,False,False
0.025888864877172107,0.14606407216934694,-0.5520475263728484,0.16595656187807778,0.0,-0.19376876503712714,-0.2512831067871273,-0.04370741853627407,0.30833491942238933,0.17263060129453106,0.3503479446357141,0.15174424466672096,0.24785771543160817,0.08045179867091354,-0.20033416898825332,0.12782749814122799,-0.3386670053338413,-0.510552793094482,-0.4964370708322369,False,True,False,False,False,False,False,False,False,False,False,False,False,False,False,False,False,False,False,False,False,False,False,False,False,False,False,False,False,False,False,False,False,False,False,True,False,False,False,False
0.025888864877172107,0.14606407216934694,-0.006797806145912957,0.16595656187807778,0.0,0.07559805027585595,-0.7164560008990118,-0.04370741853627407,0.30833491942238933,0.17263060129453106,0.3503479446357141,0.15174424466672096,0.24785771543160817,0.08045179867091354,-0.20033416898825332,0.12782749814122799,-0.3386670053338413,-0.510552793094482,0.15331853854773522,False,False,False,False,False,False,False,False,False,False,False,False,False,False,False,False,False,False,False,False,False,False,False,False,False,False,False,False,False,False,False,False,False,False,False,False,False,False,False,True
0.025888864877172107,0.14606407216934694,-0.4262206678589402,-6.422872043749372,0.0,-0.4302358166477611,-0.2512831067871273,-0.04370741853627407,0.30833491942238933,0.17263060129453106,0.3503479446357141,0.15174424466672096,0.24785771543160817,0.08045179867091354,-0.20033416898825332,0.12782749814122799,-0.3386670053338413,-0.510552793094482,-0.3384964765521822,True,False,False,False,False,False,False,False,False,False,False,False,False,False,False,False,False,False,False,False,False,False,False,False,False,False,False,False,False,False,False,False,False,False,False,False,True,False,False,False
0.025888864877172107,0.14606407216934694,-0.006797806145912957,0.16595656187807778,0.0,-0.1403066490208099,-0.2512831067871273,-0.04370741853627407,0.30833491942238933,0.17263060129453106,0.3503479446357141,0.15174424466672096,0.24785771543160817,0.08045179867091354,-0.20033416898825332,0.12782749814122799,-0.3386670053338413,-0.510552793094482,-0.056602504482717315,False,True,False,False,False,False,False,False,False,False,False,False,False,False,False,False,False,False,False,False,False,False,False,False,False,False,False,False,False,False,False,False,False,False,False,False,False,False,False,True
0.025888864877172107,0.14606407216934694,-0.8875858157432702,0.16595656187807778,0.0,-0.19376876503712714,-0.2512831067871273,-0.04370741853627407,0.30833491942238933,0.17263060129453106,0.3503479446357141,0.15174424466672096,0.24785771543160817,0.08045179867091354,-0.20033416898825332,0.12782749814122799,-0.3386670053338413,-0.510552793094482,-0.4964370708322369,False,True,False,False,False,False,False,False,False,False,False,False,False,False,False,False,False,False,False,False,False,False,False,False,False,False,False,False,False,False,False,False,False,False,False,True,False,False,False,False
0.025888864877172107,0.14606407216934694,1.838662785391407,0.16595656187807778,0.0,-0.19376876503712714,-0.2512831067871273,-0.04370741853627407,0.30833491942238933,0.17263060129453106,0.3503479446357141,0.15174424466672096,0.24785771543160817,0.08045179867091354,-0.20033416898825332,0.12782749814122799,-0.3386670053338413,-0.510552793094482,-0.4964370708322369,False,True,False,False,False,False,False,False,False,False,False,False,False,False,False,False,False,False,False,False,False,False,False,False,False,False,False,False,False,False,False,False,False,False,False,False,False,False,True,False
0.025888864877172107,0.14606407216934694,-0.5101052402015457,0.16595656187807778,0.0,0.435439215770299,-0.2512831067871273,-0.04370741853627407,0.30833491942238933,0.17263060129453106,0.3503479446357141,0.15174424466672096,0.24785771543160817,0.08045179867091354,-0.20033416898825332,0.12782749814122799,-0.3386670053338413,-0.510552793094482,0.5031869435984895,False,False,False,False,False,False,False,False,False,False,False,False,False,False,False,False,False,False,False,False,False,False,False,False,False,False,False,False,False,False,True,False,False,False,False,False,False,False,False,False
0.025888864877172107,0.14606407216934694,0.32874048322450883,0.16595656187807778,0.0,-0.19376876503712714,-0.2512831067871273,-0.04370741853627407,0.30833491942238933,0.17263060129453106,0.3503479446357141,0.15174424466672096,0.24785771543160817,0.08045179867091354,-0.20033416898825332,0.12782749814122799,-0.3386670053338413,-0.510552793094482,-0.4964370708322369,False,True,False,False,False,False,False,False,False,False,False,False,False,False,False,False,False,False,False,False,False,False,False,False,False,False,False,False,False,False,False,False,False,False,False,False,False,False,True,False
0.025888864877172107,0.14606407216934694,-0.17456695083112386,0.16595656187807778,0.0,-0.19376876503712714,-0.2512831067871273,-0.04370741853627407,0.30833491942238933,0.17263060129453106,0.3503479446357141,0.15174424466672096,0.24785771543160817,0.08045179867091354,-0.20033416898825332,0.12782749814122799,-0.3386670053338413,-0.510552793094482,-0.4964370708322369,False,True,False,False,False,False,False,True,False,False,False,False,False,False,False,False,False,False,False,False,False,False,False,False,False,False,False,False,False,False,False,False,False,False,False,False,False,False,False,False
0.025888864877172107,0.14606407216934694,0.32874048322450883,0.16595656187807778,0.0,0.27299663248995043,-0.2512831067871273,-0.04370741853627407,0.30833491942238933,0.17263060129453106,0.3503479446357141,0.15174424466672096,0.24785771543160817,0.08045179867091354,-0.20033416898825332,0.12782749814122799,-0.3386670053338413,-0.510552793094482,0.34524634931843473,False,False,False,False,False,False,False,False,False,False,False,False,False,False,False,False,False,False,False,False,False,False,False,False,False,False,False,False,False,False,False,False,False,False,False,False,False,False,False,True
0.025888864877172107,0.14606407216934694,-1.223124105113692,0.16595656187807778,0.0,-0.16086900133477805,-0.2512831067871273,-0.04370741853627407,0.30833491942238933,0.17263060129453106,0.3503479446357141,0.15174424466672096,0.24785771543160817,0.08045179867091354,-0.20033416898825332,0.12782749814122799,-0.3386670053338413,-0.510552793094482,-0.07659498477133185,True,False,False,False,False,False,False,False,False,False,False,False,False,False,False,False,False,False,False,False,False,False,False,False,False,False,False,False,False,False,False,False,False,False,False,False,False,False,False,True
0.025888864877172107,0.14606407216934694,-0.34233609551633476,0.16595656187807778,0.0,-0.13619417855801624,-0.2512831067871273,-0.04370741853627407,0.30833491942238933,0.17263060129453106,0.3503479446357141,0.15174424466672096,0.24785771543160817,0.08045179867091354,-0.20033416898825332,0.12782749814122799,-0.3386670053338413,-0.510552793094482,-0.05260400842499441,False,False,False,False,False,False,False,False,False,False,False,False,False,False,False,False,False,False,False,False,False,False,False,False,False,False,False,False,False,False,False,False,False,False,False,False,False,False,True,False
0.025888864877172107,0.14606407216934694,-0.34233609551633476,-4.226595841873562,0.0,-0.4610793451187134,-0.2512831067871273,-0.04370741853627407,0.30833491942238933,0.17263060129453106,0.3503479446357141,0.15174424466672096,0.24785771543160817,0.08045179867091354,-0.20033416898825332,0.12782749814122799,-0.3386670053338413,-0.510552793094482,-0.36848519698510396,True,False,False,False,False,False,False,False,False,False,False,False,False,False,False,False,False,False,False,False,False,False,False,False,False,False,False,False,False,False,False,False,False,False,False,False,False,False,False,True
0.025888864877172107,0.14606407216934694,-0.5101052402015457,0.16595656187807778,0.0,-0.296580526606968,-0.2512831067871273,-0.04370741853627407,0.30833491942238933,0.17263060129453106,0.3503479446357141,0.15174424466672096,0.24785771543160817,0.08045179867091354,-0.20033416898825332,0.12782749814122799,-0.3386670053338413,-0.510552793094482,-0.20854535467618773,False,True,False,False,False,False,False,False,False,False,False,False,False,False,False,False,False,False,False,False,False,False,False,False,False,False,False,False,False,False,False,False,False,False,False,False,False,False,False,True
0.025888864877172107,0.14606407216934694,-0.2584515231737293,0.16595656187807778,0.0,-0.2986367618383648,-0.2512831067871273,-0.04370741853627407,0.30833491942238933,0.17263060129453106,0.3503479446357141,0.15174424466672096,0.24785771543160817,0.08045179867091354,-0.20033416898825332,0.12782749814122799,-0.3386670053338413,-0.510552793094482,-0.21054460270504918,False,False,False,False,False,False,False,True,False,False,False,False,False,False,False,False,False,False,False,False,False,False,False,False,False,False,False,False,False,False,False,False,False,False,False,False,False,False,False,False
0.025888864877172107,0.14606407216934694,-1.2650663912849947,0.16595656187807778,0.0,-0.4672480508129038,-0.2512831067871273,-0.04370741853627407,0.30833491942238933,0.17263060129453106,0.3503479446357141,0.15174424466672096,0.24785771543160817,0.08045179867091354,-0.20033416898825332,0.12782749814122799,-0.3386670053338413,-0.510552793094482,-0.37448294107168834,False,True,False,False,False,False,False,False,False,False,False,False,False,False,False,False,False,False,False,False,False,False,False,False,False,False,False,False,False,False,False,False,False,False,False,True,False,False,False,False
0.025888864877172107,0.14606407216934694,-0.8456435295719675,0.16595656187807778,0.0,-0.4281795814163643,-0.2512831067871273,-0.04370741853627407,0.30833491942238933,0.17263060129453106,0.3503479446357141,0.15174424466672096,0.24785771543160817,0.08045179867091354,-0.20033416898825332,0.12782749814122799,-0.3386670053338413,-0.510552793094482,-0.3364972285233207,True,False,False,False,False,False,False,False,False,False,False,False,False,False,False,False,False,False,False,False,False,False,False,False,False,False,False,False,False,False,False,False,False,False,False,True,False,False,False,False
0.025888864877172107,0.14606407216934694,0.6642787725949306,0.16595656187807778,0.0,-0.4281795814163643,-0.2512831067871273,-0.04370741853627407,0.30833491942238933,0.17263060129453106,0.3503479446357141,0.15174424466672096,0.24785771543160817,0.08045179867091354,-0.20033416898825332,0.12782749814122799,-0.3386670053338413,-0.510552793094482,-0.3364972285233207,False,True,False,False,False,False,False,False,False,False,False,False,False,False,False,False,False,False,False,False,False,False,False,False,False,False,False,False,False,False,False,False,False,False,False,False,False,False,True,False
0.025888864877172107,0.14606407216934694,-0.5101052402015457,0.16595656187807778,0.0,-0.19376876503712714,-0.2512831067871273,-0.04370741853627407,0.30833491942238933,0.17263060129453106,0.3503479446357141,0.15174424466672096,0.24785771543160817,0.08045179867091354,-0.20033416898825332,0.12782749814122799,-0.3386670053338413,-0.510552793094482,-0.4964370708322369,True,False,False,False,False,False,False,True,False,False,False,False,False,False,False,False,False,False,False,False,False,False,False,False,False,False,False,False,False,False,False,False,False,False,False,False,False,False,False,False
0.025888864877172107,0.14606407216934694,0.8320479172801416,0.16595656187807778,0.0,-0.4281795814163643,-0.2512831067871273,-0.04370741853627407,0.30833491942238933,0.17263060129453106,0.3503479446357141,0.15174424466672096,0.24785771543160817,0.08045179867091354,-0.20033416898825332,0.12782749814122799,-0.3386670053338413,-0.510552793094482,-0.3364972285233207,False,False,False,False,False,False,False,False,False,False,False,False,False,False,False,False,False,False,False,False,False,False,False,False,False,False,False,False,False,False,False,False,False,False,False,False,False,False,False,True
0.025888864877172107,0.14606407216934694,-1.1811818189423893,0.16595656187807778,0.0,0.14756628337474456,-0.2512831067871273,-0.04370741853627407,0.30833491942238933,0.17263060129453106,0.3503479446357141,0.15174424466672096,0.24785771543160817,0.08045179867091354,-0.20033416898825332,0.12782749814122799,-0.3386670053338413,-0.510552793094482,0.22329221955788608,False,True,False,False,False,False,False,False,False,False,False,False,False,False,False,False,False,False,False,False,False,False,False,False,False,False,False,False,False,False,False,False,False,False,False,True,False,False,False,False
0.025888864877172107,0.14606407216934694,-1.1811818189423893,0.16595656187807778,0.0,-0.19376876503712714,-0.2512831067871273,-0.04370741853627407,0.30833491942238933,0.17263060129453106,0.3503479446357141,0.15174424466672096,0.24785771543160817,0.08045179867091354,-0.20033416898825332,0.12782749814122799,-0.3386670053338413,-0.510552793094482,-0.4964370708322369,True,False,False,False,False,False,False,True,False,False,False,False,False,False,False,False,False,False,False,False,False,False,False,False,False,False,False,False,False,False,False,False,False,False,False,False,False,False,False,False
0.025888864877172107,0.14606407216934694,1.670893640706196,0.16595656187807778,0.0,-0.3829424063256343,-0.2512831067871273,-0.04370741853627407,0.30833491942238933,0.17263060129453106,0.3503479446357141,0.15174424466672096,0.24785771543160817,0.08045179867091354,-0.20033416898825332,0.12782749814122799,-0.3386670053338413,-0.510552793094482,-0.29251377188836875,False,False,False,False,False,False,False,False,False,False,False,False,False,False,False,False,False,False,False,False,False,False,False,False,False,False,False,False,False,False,False,False,False,False,False,False,False,False,False,True
0.025888864877172107,0.14606407216934694,-0.7584035743356579,0.16595656187807778,0.0,-0.4446294632675389,-0.2512831067871273,-0.04370741853627407,0.30833491942238933,0.17263060129453106,0.3503479446357141,0.15174424466672096,0.24785771543160817,0.08045179867091354,-0.20033416898825332,0.12782749814122799,-0.3386670053338413,-0.510552793094482,-0.35249121275421236,False,False,False,False,False,False,False,True,False,False,False,False,False,False,False,False,False,False,False,False,False,False,False,False,False,False,False,False,False,False,False,False,False,False,False,False,False,False,False,False
0.025888864877172107,0.14606407216934694,0.9998170619653525,0.16595656187807778,0.0,-0.19376876503712714,-0.2512831067871273,-0.04370741853627407,0.30833491942238933,0.17263060129453106,0.3503479446357141,0.15174424466672096,0.24785771543160817,0.08045179867091354,-0.20033416898825332,0.12782749814122799,-0.3386670053338413,-0.510552793094482,-0.4964370708322369,False,True,False,False,False,False,False,False,False,False,False,False,False,False,False,False,False,False,False,False,False,False,False,False,False,False,False,False,False,False,False,False,False,False,False,False,False,False,True,False
0.025888864877172107,0.14606407216934694,-0.34233609551633476,0.16595656187807778,0.0,-0.4446294632675389,-0.2512831067871273,-0.04370741853627407,0.30833491942238933,0.17263060129453106,0.3503479446357141,0.15174424466672096,0.24785771543160817,0.08045179867091354,-0.20033416898825332,0.12782749814122799,-0.3386670053338413,-0.510552793094482,-0.35249121275421236,True,False,False,False,False,False,False,False,False,False,False,False,False,False,False,False,False,False,False,False,False,False,False,False,False,False,False,False,False,False,False,False,False,False,False,False,False,False,False,True
0.025888864877172107,0.14606407216934694,-0.6778743848867566,0.16595656187807778,0.0,-0.3171428789209362,-0.2512831067871273,-0.04370741853627407,0.30833491942238933,0.17263060129453106,0.3503479446357141,0.15174424466672096,0.24785771543160817,0.08045179867091354,-0.20033416898825332,0.12782749814122799,-0.3386670053338413,-0.510552793094482,-0.22853783496480226,False,False,False,False,False,False,False,True,False,False,False,False,False,False,False,False,False,False,False,False,False,False,False,False,False,False,False,False,False,False,False,False,False,False,False,False,False,False,False,False
0.025888864877172107,0.14606407216934694,0.0770867661966925,-6.422872043749372,0.0,0.435439215770299,-0.2512831067871273,-0.04370741853627407,0.30833491942238933,0.17263060129453106,0.3503479446357141,0.15174424466672096,0.24785771543160817,0.08045179867091354,-0.20033416898825332,0.12782749814122799,-0.3386670053338413,-0.510552793094482,0.5031869435984895,False,False,False,False,False,False,False,True,False,False,False,False,False,False,False,False,False,False,False,False,False,False,False,False,False,False,False,False,False,False,False,False,False,False,False,False,False,False,False,False
0.025888864877172107,0.14606407216934694,-0.761758957229362,0.16595656187807778,0.0,0.25037804494458543,0.21388978732475722,-0.04370741853627407,0.30833491942238933,0.17263060129453106,0.3503479446357141,0.15174424466672096,0.24785771543160817,0.08045179867091354,-0.20033416898825332,0.12782749814122799,-0.3386670053338413,-0.510552793094482,0.32325462100095875,False,True,False,False,False,False,False,False,False,False,False,False,False,False,False,False,False,False,False,False,False,False,False,False,False,False,False,False,False,False,False,False,False,False,False,False,True,False,False,False
0.025888864877172107,0.14606407216934694,-0.4262206678589402,0.16595656187807778,0.0,0.12083522536658593,-0.7164560008990118,-0.04370741853627407,0.30833491942238933,0.17263060129453106,0.3503479446357141,0.15174424466672096,0.24785771543160817,0.08045179867091354,-0.20033416898825332,0.12782749814122799,-0.3386670053338413,-0.510552793094482,0.1973019951826872,False,True,False,False,False,False,False,False,False,False,False,False,False,False,False,False,False,False,False,False,False,False,False,False,False,False,False,False,False,False,False,False,False,False,False,False,False,False,True,False
0.025888864877172107,0.14606407216934694,-1.2650663912849947,0.16595656187807778,0.0,-0.4035047586396025,-0.2512831067871273,-0.04370741853627407,0.30833491942238933,0.17263060129453106,0.3503479446357141,0.15174424466672096,0.24785771543160817,0.08045179867091354,-0.20033416898825332,0.12782749814122799,-0.3386670053338413,-0.510552793094482,-0.3125062521769833,False,True,False,False,False,False,False,True,False,False,False,False,False,False,False,False,False,False,False,False,False,False,False,False,False,False,False,False,False,False,False,False,False,False,False,False,False,False,False,False
0.025888864877172107,0.14606407216934694,-1.6006046806554166,0.16595656187807778,0.0,0.435439215770299,-0.7164560008990118,-0.04370741853627407,0.30833491942238933,0.17263060129453106,0.3503479446357141,0.15174424466672096,0.24785771543160817,0.08045179867091354,-0.20033416898825332,0.12782749814122799,-0.3386670053338413,-0.510552793094482,0.5031869435984895,True,False,False,False,False,False,False,False,False,False,False,False,False,False,False,False,False,False,False,False,False,False,False,False,False,False,False,False,False,False,False,False,False,False,False,False,False,False,False,True
0.025888864877172107,0.14606407216934694,0.32874048322450883,0.16595656187807778,0.0,0.34496486558883904,-0.7164560008990118,-0.04370741853627407,0.30833491942238933,0.17263060129453106,0.3503479446357141,0.15174424466672096,0.24785771543160817,0.08045179867091354,-0.20033416898825332,0.12782749814122799,-0.3386670053338413,-0.510552793094482,0.41522003032858557,True,False,False,False,False,False,False,True,False,False,False,False,False,False,False,False,False,False,False,False,False,False,False,False,False,False,False,False,False,False,False,False,False,False,False,False,False,False,False,False
0.025888864877172107,0.14606407216934694,0.16097133853929796,0.16595656187807778,0.0,-0.3685487597058566,-0.7164560008990118,-0.04370741853627407,0.30833491942238933,0.17263060129453106,0.3503479446357141,0.15174424466672096,0.24785771543160817,0.08045179867091354,-0.20033416898825332,0.12782749814122799,-0.3386670053338413,-0.510552793094482,-0.27851903568633857,True,False,False,False,False,False,False,False,False,False,False,False,False,False,False,False,False,False,False,False,False,False,False,False,False,False,False,False,False,False,False,False,False,False,False,False,False,False,False,True
0.025888864877172107,0.14606407216934694,0.32874048322450883,0.16595656187807778,0.0,-0.37266123016865027,-0.7164560008990118,-0.04370741853627407,0.30833491942238933,0.17263060129453106,0.3503479446357141,0.15174424466672096,0.24785771543160817,0.08045179867091354,-0.20033416898825332,0.12782749814122799,-0.3386670053338413,-0.510552793094482,-0.28251753174406147,True,False,False,False,False,False,False,True,False,False,False,False,False,False,False,False,False,False,False,False,False,False,False,False,False,False,False,False,False,False,False,False,False,False,False,False,False,False,False,False
0.025888864877172107,0.14606407216934694,-1.3489509636276003,0.16595656187807778,0.0,0.435439215770299,-0.2512831067871273,-0.04370741853627407,0.30833491942238933,0.17263060129453106,0.3503479446357141,0.15174424466672096,0.24785771543160817,0.08045179867091354,-0.20033416898825332,0.12782749814122799,-0.3386670053338413,-0.510552793094482,0.5031869435984895,False,True,False,False,False,False,False,False,False,False,False,False,False,False,False,False,False,False,False,False,False,False,False,False,False,False,False,False,False,False,False,False,False,False,False,True,False,False,False,False
0.025888864877172107,0.14606407216934694,0.6642787725949306,0.16595656187807778,0.0,0.23804063355620453,-0.2512831067871273,-0.04370741853627407,0.30833491942238933,0.17263060129453106,0.3503479446357141,0.15174424466672096,0.24785771543160817,0.08045179867091354,-0.20033416898825332,0.12782749814122799,-0.3386670053338413,-0.510552793094482,0.31125913282779,False,False,False,False,False,False,False,False,False,False,False,False,False,False,False,False,False,False,False,False,False,False,False,False,False,False,False,False,False,False,False,False,False,False,False,False,False,False,False,True
0.025888864877172107,0.14606407216934694,-0.5939898125441512,0.16595656187807778,0.0,-0.19582500026852395,-0.2512831067871273,-0.04370741853627407,0.30833491942238933,0.17263060129453106,0.3503479446357141,0.15174424466672096,0.24785771543160817,0.08045179867091354,-0.20033416898825332,0.12782749814122799,-0.3386670053338413,-0.510552793094482,-0.11058220126197654,False,True,False,False,False,False,False,False,False,False,False,False,False,False,False,False,False,False,False,False,False,False,False,False,False,False,False,False,False,False,False,False,False,False,False,False,True,False,False,False
0.025888864877172107,0.14606407216934694,-0.9714703880858757,0.16595656187807778,0.0,-0.06422594545912763,-0.2512831067871273,-0.04370741853627407,0.30833491942238933,0.17263060129453106,0.3503479446357141,0.15174424466672096,0.24785771543160817,0.08045179867091354,-0.20033416898825332,0.12782749814122799,-0.3386670053338413,-0.510552793094482,0.01736967258515644,False,True,False,False,False,False,False,False,False,False,False,False,False,False,False,False,False,False,False,False,False,False,False,False,False,False,False,False,False,False,False,False,False,False,False,True,False,False,False,False
0.025888864877172107,0.14606407216934694,-0.8456435295719675,0.16595656187807778,0.0,0.040642051342110054,-0.2512831067871273,-0.04370741853627407,0.30833491942238933,0.17263060129453106,0.3503479446357141,0.15174424466672096,0.24785771543160817,0.08045179867091354,-0.20033416898825332,0.12782749814122799,-0.3386670053338413,-0.510552793094482,0.11933132205709053,False,False,False,False,False,False,False,False,False,False,False,False,False,False,False,False,False,False,False,False,False,False,False,False,False,False,False,False,False,False,False,False,False,False,False,True,False,False,False,False
0.025888864877172107,0.14606407216934694,-0.006797806145912957,0.16595656187807778,0.0,0.40459568729934675,-0.7164560008990118,-0.04370741853627407,0.30833491942238933,0.17263060129453106,0.3503479446357141,0.15174424466672096,0.24785771543160817,0.08045179867091354,-0.20033416898825332,0.12782749814122799,-0.3386670053338413,-0.510552793094482,0.4731982231655677,False,True,False,False,False,False,False,True,False,False,False,False,False,False,False,False,False,False,False,False,False,False,False,False,False,False,False,False,False,False,False,False,False,False,False,False,False,False,False,False
0.025888864877172107,0.14606407216934694,0.6223364864236279,0.16595656187807778,0.0,-0.3335927607721107,-0.2512831067871273,-0.04370741853627407,0.30833491942238933,0.17263060129453106,0.3503479446357141,0.15174424466672096,0.24785771543160817,0.08045179867091354,-0.20033416898825332,0.12782749814122799,-0.3386670053338413,-0.510552793094482,-0.2445318191956939,False,True,False,False,False,False,False,False,False,False,False,False,False,False,False,False,False,False,False,False,False,False,False,False,False,False,False,False,False,False,False,False,False,False,False,True,False,False,False,False
0.025888864877172107,0.14606407216934694,-1.223124105113692,0.16595656187807778,0.0,-0.19376876503712714,0.21388978732475722,-0.04370741853627407,0.30833491942238933,0.17263060129453106,0.3503479446357141,0.15174424466672096,0.24785771543160817,0.08045179867091354,-0.20033416898825332,0.12782749814122799,-0.3386670053338413,-0.510552793094482,-0.4964370708322369,False,True,False,False,False,False,False,False,False,False,False,False,False,False,False,False,False,False,False,False,False,False,False,False,False,False,False,False,False,False,False,False,False,False,False,True,False,False,False,False
0.025888864877172107,0.14606407216934694,-0.5101052402015457,0.16595656187807778,0.0,0.09821663782122093,-0.7164560008990118,-0.04370741853627407,0.30833491942238933,0.17263060129453106,0.3503479446357141,0.15174424466672096,0.24785771543160817,0.08045179867091354,-0.20033416898825332,0.12782749814122799,-0.3386670053338413,-0.510552793094482,0.1753102668652112,False,True,False,False,False,False,False,False,False,False,False,False,False,False,False,False,False,False,False,False,False,False,False,False,False,False,False,False,False,False,False,False,False,False,False,False,False,False,False,True
0.025888864877172107,0.14606407216934694,0.32874048322450883,0.16595656187807778,0.0,-0.18554382411153986,-0.7164560008990118,-0.04370741853627407,0.30833491942238933,0.17263060129453106,0.3503479446357141,0.15174424466672096,0.24785771543160817,0.08045179867091354,-0.20033416898825332,0.12782749814122799,-0.3386670053338413,-0.510552793094482,-0.10058596111766928,False,True,False,False,False,False,False,False,False,False,False,False,False,False,False,False,False,False,False,False,False,False,False,False,False,False,False,False,False,False,False,False,False,False,False,False,False,False,False,True
0.025888864877172107,0.14606407216934694,-0.006797806145912957,0.16595656187807778,0.0,-0.4281795814163643,-0.7164560008990118,-0.04370741853627407,0.30833491942238933,0.17263060129453106,0.3503479446357141,0.15174424466672096,0.24785771543160817,0.08045179867091354,-0.20033416898825332,0.12782749814122799,-0.3386670053338413,-0.510552793094482,-0.3364972285233207,False,True,False,False,False,False,False,True,False,False,False,False,False,False,False,False,False,False,False,False,False,False,False,False,False,False,False,False,False,False,False,False,False,False,False,False,False,False,False,False
0.025888864877172107,0.14606407216934694,0.4126250555671143,0.16595656187807778,0.0,0.35730227697721995,-0.7164560008990118,-0.04370741853627407,0.30833491942238933,0.17263060129453106,0.3503479446357141,0.15174424466672096,0.24785771543160817,0.08045179867091354,-0.20033416898825332,0.12782749814122799,-0.3386670053338413,-0.510552793094482,0.42721551850175427,False,True,False,False,False,False,False,False,False,False,False,False,False,False,False,False,False,False,False,False,False,False,False,False,False,False,False,False,False,False,False,False,False,False,False,False,False,False,False,True
0.025888864877172107,0.14606407216934694,1.1675862066505633,0.16595656187807778,0.0,-0.19376876503712714,-0.7164560008990118,-0.04370741853627407,0.30833491942238933,0.17263060129453106,0.3503479446357141,0.15174424466672096,0.24785771543160817,0.08045179867091354,-0.20033416898825332,0.12782749814122799,-0.3386670053338413,-0.510552793094482,-0.4964370708322369,False,False,False,False,False,False,False,False,False,False,False,False,False,False,False,False,False,False,False,False,False,False,False,False,False,False,False,False,False,False,False,False,False,False,False,False,False,False,True,False
0.025888864877172107,0.14606407216934694,0.49650962790971975,0.16595656187807778,0.0,-0.21021864688830166,0.21388978732475722,-0.04370741853627407,0.30833491942238933,0.17263060129453106,0.3503479446357141,0.15174424466672096,0.24785771543160817,0.08045179867091354,-0.20033416898825332,0.12782749814122799,-0.3386670053338413,-0.510552793094482,-0.1245769374640067,False,False,False,False,False,False,False,False,False,False,False,False,False,False,False,False,False,False,False,False,False,False,False,False,False,False,False,False,False,False,False,False,False,False,False,False,False,False,True,False
0.025888864877172107,0.14606407216934694,-0.9244950275740166,0.16595656187807778,0.0,0.435439215770299,-0.2512831067871273,-0.04370741853627407,0.30833491942238933,0.17263060129453106,0.3503479446357141,0.15174424466672096,0.24785771543160817,0.08045179867091354,-0.20033416898825332,0.12782749814122799,-0.3386670053338413,-0.510552793094482,0.5031869435984895,False,False,False,False,False,False,False,False,False,False,False,False,False,False,False,False,False,False,False,False,False,False,False,False,False,False,False,False,False,False,False,False,False,False,False,True,False,False,False,False
0.025888864877172107,0.14606407216934694,-1.097297246599784,0.16595656187807778,0.0,-0.29041182091277756,-0.7164560008990118,-0.04370741853627407,0.30833491942238933,0.17263060129453106,0.3503479446357141,0.15174424466672096,0.24785771543160817,0.08045179867091354,-0.20033416898825332,0.12782749814122799,-0.3386670053338413,-0.510552793094482,-0.20254761058960338,True,False,False,False,False,False,False,True,False,False,False,False,False,False,False,False,False,False,False,False,False,False,False,False,False,False,False,False,False,False,False,False,False,False,False,False,False,False,False,False
0.025888864877172107,0.14606407216934694,-0.9714703880858757,0.16595656187807778,0.0,-0.3294802903093171,-0.7164560008990118,-0.04370741853627407,0.30833491942238933,0.17263060129453106,0.3503479446357141,0.15174424466672096,0.24785771543160817,0.08045179867091354,-0.20033416898825332,0.12782749814122799,-0.3386670053338413,-0.510552793094482,-0.240533323137971,False,True,False,False,False,False,False,False,False,False,False,False,False,False,False,False,False,False,False,False,False,False,False,False,False,False,False,False,False,False,False,False,False,False,False,False,False,False,False,True
0.025888864877172107,0.14606407216934694,0.32874048322450883,0.16595656187807778,0.0,-0.4343482871105548,-0.7164560008990118,-0.04370741853627407,0.30833491942238933,0.17263060129453106,0.3503479446357141,0.15174424466672096,0.24785771543160817,0.08045179867091354,-0.20033416898825332,0.12782749814122799,-0.3386670053338413,-0.510552793094482,-0.3424949726099051,True,False,False,False,False,False,False,False,False,False,False,False,False,False,False,False,False,False,False,False,False,False,False,False,False,False,False,False,False,False,False,False,False,False,False,False,False,False,False,True
0.025888864877172107,0.14606407216934694,-1.097297246599784,0.16595656187807778,0.0,-0.2862993504499839,-0.7164560008990118,-0.04370741853627407,0.30833491942238933,0.17263060129453106,0.3503479446357141,0.15174424466672096,0.24785771543160817,0.08045179867091354,-0.20033416898825332,0.12782749814122799,-0.3386670053338413,-0.510552793094482,-0.19854911453188046,False,True,False,False,False,False,False,False,False,False,False,False,False,False,False,False,False,False,False,False,False,False,False,False,False,False,False,False,False,False,False,False,False,False,False,True,False,False,False,False
0.025888864877172107,0.14606407216934694,-0.5101052402015457,0.16595656187807778,0.0,-0.3623800540116662,-0.2512831067871273,-0.04370741853627407,0.30833491942238933,0.17263060129453106,0.3503479446357141,0.15174424466672096,0.24785771543160817,0.08045179867091354,-0.20033416898825332,0.12782749814122799,-0.3386670053338413,-0.510552793094482,-0.27252129159975425,True,False,False,False,False,False,False,False,False,False,False,False,False,False,False,False,False,False,False,False,False,False,False,False,False,False,False,False,False,False,False,False,False,False,False,True,False,False,False,False
0.025888864877172107,0.14606407216934694,-0.9714703880858757,0.16595656187807778,0.0,-0.10535065008706399,-0.7164560008990118,-0.04370741853627407,0.30833491942238933,0.17263060129453106,0.3503479446357141,0.15174424466672096,0.24785771543160817,0.08045179867091354,-0.20033416898825332,0.12782749814122799,-0.3386670053338413,-0.510552793094482,-0.022615287992072616,False,True,False,False,False,False,False,False,False,False,False,False,False,False,False,False,False,False,False,False,False,False,False,False,False,False,False,False,False,False,False,False,False,False,False,False,False,False,False,True
0.025888864877172107,0.14606407216934694,0.16097133853929796,0.16595656187807778,0.0,-0.4590231098873166,-0.2512831067871273,-0.04370741853627407,0.30833491942238933,0.17263060129453106,0.3503479446357141,0.15174424466672096,0.24785771543160817,0.08045179867091354,-0.20033416898825332,0.12782749814122799,-0.3386670053338413,-0.510552793094482,-0.3664859489562425,True,False,False,False,False,False,False,False,False,False,False,False,False,False,False,False,False,False,False,False,False,False,False,False,False,False,False,False,False,False,True,False,False,False,False,False,False,False,False,False
0.025888864877172107,0.14606407216934694,1.3353553513357743,0.16595656187807778,0.0,-0.17115017749176215,-0.2512831067871273,-0.04370741853627407,0.30833491942238933,0.17263060129453106,0.3503479446357141,0.15174424466672096,0.24785771543160817,0.08045179867091354,-0.20033416898825332,0.12782749814122799,-0.3386670053338413,-0.510552793094482,-0.08659122491563911,False,False,False,False,False,False,False,False,False,False,False,False,False,False,False,False,False,False,False,False,False,False,False,False,False,False,False,False,False,False,False,False,False,False,False,False,False,False,False,True
0.025888864877172107,0.14606407216934694,-0.5101052402015457,0.16595656187807778,0.0,-0.19376876503712714,-0.2512831067871273,-0.04370741853627407,0.30833491942238933,0.17263060129453106,0.3503479446357141,0.15174424466672096,0.24785771543160817,0.08045179867091354,-0.20033416898825332,0.12782749814122799,-0.3386670053338413,-0.510552793094482,-0.4964370708322369,True,False,False,False,False,False,False,False,False,False,False,False,False,False,False,False,False,False,False,False,False,False,False,False,False,False,False,False,False,False,False,False,False,False,False,True,False,False,False,False
0.025888864877172107,0.14606407216934694,0.16097133853929796,0.16595656187807778,0.0,-0.4302358166477611,-0.7164560008990118,-0.04370741853627407,0.30833491942238933,0.17263060129453106,0.3503479446357141,0.15174424466672096,0.24785771543160817,0.08045179867091354,-0.20033416898825332,0.12782749814122799,-0.3386670053338413,-0.510552793094482,-0.3384964765521822,False,True,False,False,False,False,False,False,False,False,False,False,False,False,False,False,False,False,False,False,False,False,False,False,False,False,False,False,False,False,False,False,False,False,False,False,False,False,False,True
0.025888864877172107,0.14606407216934694,1.503124496020985,0.16595656187807778,0.0,-0.2369497048964603,-0.2512831067871273,-0.04370741853627407,0.30833491942238933,0.17263060129453106,0.3503479446357141,0.15174424466672096,0.24785771543160817,0.08045179867091354,-0.20033416898825332,0.12782749814122799,-0.3386670053338413,-0.510552793094482,-0.1505671618392056,False,False,False,False,False,False,False,True,False,False,False,False,False,False,False,False,False,False,False,False,False,False,False,False,False,False,False,False,False,False,False,False,False,False,False,False,False,False,False,False
0.025888864877172107,0.14606407216934694,1.1675862066505633,0.16595656187807778,0.0,-0.3089179379953489,0.21388978732475722,-0.04370741853627407,0.30833491942238933,0.17263060129453106,0.3503479446357141,0.15174424466672096,0.24785771543160817,0.08045179867091354,-0.20033416898825332,0.12782749814122799,-0.3386670053338413,-0.510552793094482,-0.22054084284935646,False,False,False,False,False,False,False,False,False,False,False,False,False,False,False,False,False,False,False,False,False,False,False,False,False,False,False,False,False,False,False,False,False,False,False,False,False,False,True,False
0.025888864877172107,0.14606407216934694,-0.9295281019145729,0.16595656187807778,0.0,-0.32331158461512666,-0.2512831067871273,-0.04370741853627407,0.30833491942238933,0.17263060129453106,0.3503479446357141,0.15174424466672096,0.24785771543160817,0.08045179867091354,-0.20033416898825332,0.12782749814122799,-0.3386670053338413,-0.510552793094482,-0.2345355790513866,False,True,False,False,False,False,False,False,False,False,False,False,False,False,False,False,False,False,False,False,False,False,False,False,False,False,False,False,False,False,False,False,False,False,False,False,False,False,False,True
0.025888864877172107,0.14606407216934694,-0.34233609551633476,0.16595656187807778,0.0,-0.21638735258249212,-0.7164560008990118,-0.04370741853627407,0.30833491942238933,0.17263060129453106,0.3503479446357141,0.15174424466672096,0.24785771543160817,0.08045179867091354,-0.20033416898825332,0.12782749814122799,-0.3386670053338413,-0.510552793094482,-0.13057468155059107,False,True,False,False,False,False,False,False,False,False,False,False,False,False,False,False,False,False,False,False,False,False,False,False,False,False,False,False,False,False,False,False,False,False,False,False,False,False,False,True
0.025888864877172107,0.14606407216934694,-0.9295281019145729,0.16595656187807778,0.0,-0.2842431152185871,-0.7164560008990118,-0.04370741853627407,0.30833491942238933,0.17263060129453106,0.3503479446357141,0.15174424466672096,0.24785771543160817,0.08045179867091354,-0.20033416898825332,0.12782749814122799,-0.3386670053338413,-0.510552793094482,-0.196549866503019,False,True,False,False,False,False,False,False,False,False,False,False,False,False,False,False,False,False,False,False,False,False,False,False,False,False,False,False,False,False,False,False,False,False,False,True,False,False,False,False
0.025888864877172107,0.14606407216934694,-1.1811818189423893,0.16595656187807778,0.0,-0.15058782517779395,-0.7164560008990118,-0.04370741853627407,0.30833491942238933,0.17263060129453106,0.3503479446357141,0.15174424466672096,0.24785771543160817,0.08045179867091354,-0.20033416898825332,0.12782749814122799,-0.3386670053338413,-0.510552793094482,-0.06659874462702459,True,False,False,False,False,False,False,False,False,False,False,False,False,False,False,False,False,False,False,False,False,False,False,False,False,False,False,False,False,False,False,False,False,False,False,False,False,False,False,True
0.025888864877172107,0.14606407216934694,0.32874048322450883,0.16595656187807778,0.0,-0.26779323336741256,-0.2512831067871273,-0.04370741853627407,0.30833491942238933,0.17263060129453106,0.3503479446357141,0.15174424466672096,0.24785771543160817,0.08045179867091354,-0.20033416898825332,0.12782749814122799,-0.3386670053338413,-0.510552793094482,-0.1805558822721274,False,True,False,False,False,False,False,False,False,False,False,False,False,False,False,False,False,False,False,False,False,False,False,False,False,False,False,False,False,False,False,False,False,False,False,True,False,False,False,False
0.025888864877172107,0.14606407216934694,0.49650962790971975,0.16595656187807778,0.0,0.03652958087931642,-0.7164560008990118,-0.04370741853627407,0.30833491942238933,0.17263060129453106,0.3503479446357141,0.15174424466672096,0.24785771543160817,0.08045179867091354,-0.20033416898825332,0.12782749814122799,-0.3386670053338413,-0.510552793094482,0.11533282599936763,False,False,False,False,False,False,False,False,False,False,False,False,False,False,False,False,False,False,False,False,False,False,False,False,False,False,False,False,False,False,False,False,False,False,False,False,False,False,False,True
0.025888864877172107,0.14606407216934694,-0.9295281019145729,0.16595656187807778,0.0,0.435439215770299,-0.7164560008990118,-0.04370741853627407,0.30833491942238933,0.17263060129453106,0.3503479446357141,0.15174424466672096,0.24785771543160817,0.08045179867091354,-0.20033416898825332,0.12782749814122799,-0.3386670053338413,-0.510552793094482,0.5031869435984895,True,False,False,False,False,False,False,False,False,False,False,False,False,False,False,False,False,False,False,False,False,False,False,False,False,False,False,False,False,False,False,False,False,False,False,False,False,False,False,True
0.025888864877172107,0.14606407216934694,-0.8456435295719675,0.16595656187807778,0.0,-0.19376876503712714,0.21388978732475722,-0.04370741853627407,0.30833491942238933,0.17263060129453106,0.3503479446357141,0.15174424466672096,0.24785771543160817,0.08045179867091354,-0.20033416898825332,0.12782749814122799,-0.3386670053338413,-0.510552793094482,-0.4964370708322369,False,True,False,False,False,False,False,False,False,False,False,False,False,False,False,False,False,False,False,False,False,False,False,False,False,False,False,False,False,False,False,False,False,False,False,True,False,False,False,False
0.025888864877172107,0.14606407216934694,-0.6778743848867566,0.16595656187807778,0.0,-0.4343482871105548,-0.7164560008990118,-0.04370741853627407,0.30833491942238933,0.17263060129453106,0.3503479446357141,0.15174424466672096,0.24785771543160817,0.08045179867091354,-0.20033416898825332,0.12782749814122799,-0.3386670053338413,-0.510552793094482,-0.3424949726099051,False,True,False,False,False,False,False,False,False,False,False,False,False,False,False,False,False,False,False,False,False,False,False,False,False,False,False,False,False,False,False,False,False,False,False,True,False,False,False,False
0.025888864877172107,0.14606407216934694,-0.6778743848867566,0.16595656187807778,0.0,-0.273961939061603,-0.7164560008990118,-0.04370741853627407,0.30833491942238933,0.17263060129453106,0.3503479446357141,0.15174424466672096,0.24785771543160817,0.08045179867091354,-0.20033416898825332,0.12782749814122799,-0.3386670053338413,-0.510552793094482,-0.18655362635871175,False,True,False,False,False,False,False,True,False,False,False,False,False,False,False,False,False,False,False,False,False,False,False,False,False,False,False,False,False,False,False,False,False,False,False,False,False,False,False,False
0.025888864877172107,0.14606407216934694,0.8320479172801416,0.16595656187807778,0.0,-0.2492871162848412,-0.2512831067871273,-0.04370741853627407,0.30833491942238933,0.17263060129453106,0.3503479446357141,0.15174424466672096,0.24785771543160817,0.08045179867091354,-0.20033416898825332,0.12782749814122799,-0.3386670053338413,-0.510552793094482,-0.16256265001237433,False,True,False,False,False,False,False,False,False,False,False,False,False,False,False,False,False,False,False,False,False,False,False,False,False,False,False,False,False,False,False,False,False,False,False,False,False,False,False,True
0.025888864877172107,0.14606407216934694,-0.6359320987154539,0.16595656187807778,0.0,-0.4672480508129038,-0.7164560008990118,-0.04370741853627407,0.30833491942238933,0.17263060129453106,0.3503479446357141,0.15174424466672096,0.24785771543160817,0.08045179867091354,-0.20033416898825332,0.12782749814122799,-0.3386670053338413,-0.510552793094482,-0.37448294107168834,False,True,False,False,False,False,False,True,False,False,False,False,False,False,False,False,False,False,False,False,False,False,False,False,False,False,False,False,False,False,False,False,False,False,False,False,False,False,False,False
0.025888864877172107,0.14606407216934694,0.6644851286428934,0.16595656187807778,0.0,-0.035438652219572195,-0.7164560008990118,-0.04370741853627407,0.30833491942238933,0.17263060129453106,0.3503479446357141,0.15174424466672096,0.24785771543160817,0.08045179867091354,-0.20033416898825332,0.12782749814122799,-0.3386670053338413,-0.510552793094482,0.04535914498921678,False,False,False,False,False,False,False,False,False,False,False,False,False,False,False,False,False,False,False,False,False,False,False,False,False,False,False,False,False,False,False,False,False,False,False,False,False,False,False,True
0.025888864877172107,0.14606407216934694,-0.8406104552314112,0.16595656187807778,0.0,-0.31508664368953937,-0.2512831067871273,-0.04370741853627407,0.30833491942238933,0.17263060129453106,0.3503479446357141,0.15174424466672096,0.24785771543160817,0.08045179867091354,-0.20033416898825332,0.12782749814122799,-0.3386670053338413,-0.510552793094482,-0.2265385869359408,False,False,False,False,False,False,False,False,False,False,False,False,False,False,False,False,False,False,False,False,False,False,False,False,False,False,False,False,False,False,False,False,False,False,False,True,False,False,False,False
0.025888864877172107,0.14606407216934694,-0.8456435295719675,0.16595656187807778,0.0,0.17224110615150637,-0.2512831067871273,-0.04370741853627407,0.30833491942238933,0.17263060129453106,0.3503479446357141,0.15174424466672096,0.24785771543160817,0.08045179867091354,-0.20033416898825332,0.12782749814122799,-0.3386670053338413,-0.510552793094482,0.2472831959042235,False,True,False,False,False,False,False,True,False,False,False,False,False,False,False,False,False,False,False,False,False,False,False,False,False,False,False,False,False,False,False,False,False,False,False,False,False,False,False,False
0.025888864877172107,0.14606407216934694,-1.0134126742571783,0.16595656187807778,0.0,0.040642051342110054,-0.2512831067871273,-0.04370741853627407,0.30833491942238933,0.17263060129453106,0.3503479446357141,0.15174424466672096,0.24785771543160817,0.08045179867091354,-0.20033416898825332,0.12782749814122799,-0.3386670053338413,-0.510552793094482,0.11933132205709053,False,True,False,False,False,False,False,True,False,False,False,False,False,False,False,False,False,False,False,False,False,False,False,False,False,False,False,False,False,False,False,False,False,False,False,False,False,False,False,False
0.025888864877172107,0.14606407216934694,1.670893640706196,0.16595656187807778,0.0,-0.19376876503712714,-0.7164560008990118,-0.04370741853627407,0.30833491942238933,0.17263060129453106,0.3503479446357141,0.15174424466672096,0.24785771543160817,0.08045179867091354,-0.20033416898825332,0.12782749814122799,-0.3386670053338413,-0.510552793094482,-0.4964370708322369,False,False,False,False,False,False,False,False,False,False,False,False,False,False,False,False,False,False,False,False,False,False,False,False,False,False,False,False,False,False,False,False,False,False,False,False,False,False,True,False
0.025888864877172107,0.14606407216934694,0.32874048322450883,0.16595656187807778,0.0,-0.041607357913762646,-0.7164560008990118,-0.04370741853627407,0.30833491942238933,0.17263060129453106,0.3503479446357141,0.15174424466672096,0.24785771543160817,0.08045179867091354,-0.20033416898825332,0.12782749814122799,-0.3386670053338413,-0.510552793094482,0.03936140090263242,False,True,False,False,False,False,False,False,False,False,False,False,False,False,False,False,False,False,False,False,False,False,False,False,False,False,False,False,False,False,False,False,False,False,False,False,False,False,False,True
0.025888864877172107,0.14606407216934694,0.32874048322450883,0.16595656187807778,0.0,0.10232910828401458,-0.7164560008990118,-0.04370741853627407,0.30833491942238933,0.17263060129453106,0.3503479446357141,0.15174424466672096,0.24785771543160817,0.08045179867091354,-0.20033416898825332,0.12782749814122799,-0.3386670053338413,-0.510552793094482,0.17930876292293413,False,True,False,False,False,False,False,False,False,False,False,False,False,False,False,False,False,False,False,False,False,False,False,False,False,False,False,False,False,False,False,False,False,False,False,False,False,False,False,True
0.025888864877172107,0.14606407216934694,-1.0134126742571783,0.16595656187807778,0.0,-0.19376876503712714,-0.2512831067871273,-0.04370741853627407,0.30833491942238933,0.17263060129453106,0.3503479446357141,0.15174424466672096,0.24785771543160817,0.08045179867091354,-0.20033416898825332,0.12782749814122799,-0.3386670053338413,-0.510552793094482,-0.4964370708322369,True,False,False,False,False,False,False,False,False,False,False,False,False,False,False,False,False,False,False,False,False,False,False,False,False,False,False,False,False,False,False,False,False,False,False,False,False,False,False,True
0.025888864877172107,0.14606407216934694,-0.5101052402015457,0.16595656187807778,0.0,-0.19376876503712714,-0.2512831067871273,-0.04370741853627407,0.30833491942238933,0.17263060129453106,0.3503479446357141,0.15174424466672096,0.24785771543160817,0.08045179867091354,-0.20033416898825332,0.12782749814122799,-0.3386670053338413,-0.510552793094482,-0.10858295323311509,False,False,False,False,False,False,False,True,False,False,False,False,False,False,False,False,False,False,False,False,False,False,False,False,False,False,False,False,False,False,False,False,False,False,False,False,False,False,False,False
0.025888864877172107,0.14606407216934694,-1.4328355359702056,0.16595656187807778,0.0,-0.00048265328582629567,-0.2512831067871273,-0.04370741853627407,0.30833491942238933,0.17263060129453106,0.3503479446357141,0.15174424466672096,0.24785771543160817,0.08045179867091354,-0.20033416898825332,0.12782749814122799,-0.3386670053338413,-0.510552793094482,0.07934636147986147,False,True,False,False,False,False,False,False,False,False,False,False,False,False,False,False,False,False,False,False,False,False,False,False,False,False,False,False,False,False,False,False,False,False,False,True,False,False,False,False
0.025888864877172107,0.14606407216934694,-1.0134126742571783,0.16595656187807778,0.0,-0.31097417322674575,-0.2512831067871273,-0.04370741853627407,0.30833491942238933,0.17263060129453106,0.3503479446357141,0.15174424466672096,0.24785771543160817,0.08045179867091354,-0.20033416898825332,0.12782749814122799,-0.3386670053338413,-0.510552793094482,-0.2225400908782179,False,True,False,False,False,False,False,True,False,False,False,False,False,False,False,False,False,False,False,False,False,False,False,False,False,False,False,False,False,False,False,False,False,False,False,False,False,False,False,False
0.025888864877172107,0.14606407216934694,0.7481633449375361,0.16595656187807778,0.0,-0.3849986415570312,-0.2512831067871273,-0.04370741853627407,0.30833491942238933,0.17263060129453106,0.3503479446357141,0.15174424466672096,0.24785771543160817,0.08045179867091354,-0.20033416898825332,0.12782749814122799,-0.3386670053338413,-0.510552793094482,-0.2945130199172302,False,True,False,False,False,False,False,False,False,False,False,False,False,False,False,False,False,False,False,False,False,False,False,False,False,False,False,False,False,False,False,False,False,False,False,False,False,False,False,True
0.025888864877172107,0.14606407216934694,-1.097297246599784,0.16595656187807778,0.0,-0.19376876503712714,-0.2512831067871273,-0.04370741853627407,0.30833491942238933,0.17263060129453106,0.3503479446357141,0.15174424466672096,0.24785771543160817,0.08045179867091354,-0.20033416898825332,0.12782749814122799,-0.3386670053338413,-0.510552793094482,-0.4964370708322369,False,True,False,False,False,False,False,False,False,False,False,False,False,False,False,False,False,False,False,False,False,False,False,False,False,False,False,False,False,False,False,False,False,False,False,True,False,False,False,False
0.025888864877172107,0.14606407216934694,-1.097297246599784,0.16595656187807778,0.0,0.31823380758068043,-0.2512831067871273,-0.04370741853627407,0.30833491942238933,0.17263060129453106,0.3503479446357141,0.15174424466672096,0.24785771543160817,0.08045179867091354,-0.20033416898825332,0.12782749814122799,-0.3386670053338413,-0.510552793094482,0.3892298059533867,True,False,False,False,False,False,False,False,False,False,False,False,False,False,False,False,False,False,False,False,False,False,False,False,False,False,False,False,False,False,False,False,False,False,False,False,False,False,False,True
0.025888864877172107,0.14606407216934694,-0.4262206678589402,0.16595656187807778,0.0,-0.2492871162848412,-0.2512831067871273,-0.04370741853627407,0.30833491942238933,0.17263060129453106,0.3503479446357141,0.15174424466672096,0.24785771543160817,0.08045179867091354,-0.20033416898825332,0.12782749814122799,-0.3386670053338413,-0.510552793094482,-0.16256265001237433,True,False,False,False,False,False,False,False,False,False,False,False,False,False,False,False,False,False,False,False,False,False,False,False,False,False,False,False,False,False,False,False,False,False,False,False,False,False,True,False
0.025888864877172107,0.14606407216934694,-1.0134126742571783,0.16595656187807778,0.0,-0.4158421700279834,-0.2512831067871273,-0.04370741853627407,0.30833491942238933,0.17263060129453106,0.3503479446357141,0.15174424466672096,0.24785771543160817,0.08045179867091354,-0.20033416898825332,0.12782749814122799,-0.3386670053338413,-0.510552793094482,-0.324501740350152,True,False,False,False,False,False,False,False,False,False,False,False,False,False,False,False,False,False,False,False,False,False,False,False,False,False,False,False,False,False,False,False,False,False,False,True,False,False,False,False
0.025888864877172107,0.14606407216934694,0.49650962790971975,0.16595656187807778,0.0,-0.19376876503712714,-0.2512831067871273,-0.04370741853627407,0.30833491942238933,0.17263060129453106,0.3503479446357141,0.15174424466672096,0.24785771543160817,0.08045179867091354,-0.20033416898825332,0.12782749814122799,-0.3386670053338413,-0.510552793094482,-0.4964370708322369,False,True,False,False,False,False,False,False,False,False,False,False,False,False,False,False,False,False,False,False,False,False,False,False,False,False,False,False,False,False,False,False,False,False,False,True,False,False,False,False
0.025888864877172107,0.14606407216934694,-1.097297246599784,0.16595656187807778,0.0,0.10644157874680821,-0.2512831067871273,-0.04370741853627407,0.30833491942238933,0.17263060129453106,0.3503479446357141,0.15174424466672096,0.24785771543160817,0.08045179867091354,-0.20033416898825332,0.12782749814122799,-0.3386670053338413,-0.510552793094482,0.18330725898065703,True,False,False,False,False,False,False,False,False,False,False,False,False,False,False,False,False,False,False,False,False,False,False,False,False,False,False,False,False,False,False,False,False,False,False,False,False,False,False,True
0.025888864877172107,0.14606407216934694,0.9998170619653525,0.16595656187807778,0.0,-0.3438739369290948,-0.2512831067871273,-0.04370741853627407,0.30833491942238933,0.17263060129453106,0.3503479446357141,0.15174424466672096,0.24785771543160817,0.08045179867091354,-0.20033416898825332,0.12782749814122799,-0.3386670053338413,-0.510552793094482,-0.25452805934000117,False,False,False,False,False,False,False,False,False,False,False,False,False,False,False,False,False,False,False,False,False,False,False,False,False,False,False,False,False,False,False,False,False,False,False,False,False,False,False,True
0.025888864877172107,0.14606407216934694,-1.1392395327710865,0.16595656187807778,0.0,-0.19376876503712714,-0.2512831067871273,-0.04370741853627407,0.30833491942238933,0.17263060129453106,0.3503479446357141,0.15174424466672096,0.24785771543160817,0.08045179867091354,-0.20033416898825332,0.12782749814122799,-0.3386670053338413,-0.510552793094482,-0.4964370708322369,False,True,False,False,False,False,False,False,False,False,False,False,False,False,False,False,False,False,False,False,False,False,False,False,False,False,False,False,False,False,False,False,False,False,False,True,False,False,False,False
0.025888864877172107,0.14606407216934694,1.670893640706196,0.16595656187807778,0.0,-0.19376876503712714,-0.2512831067871273,-0.04370741853627407,0.30833491942238933,0.17263060129453106,0.3503479446357141,0.15174424466672096,0.24785771543160817,0.08045179867091354,-0.20033416898825332,0.12782749814122799,-0.3386670053338413,-0.510552793094482,-0.4964370708322369,False,True,False,False,False,False,False,False,False,False,False,False,False,False,False,False,False,False,False,False,False,False,False,False,False,False,False,False,False,False,False,False,False,False,False,True,False,False,False,False
0.025888864877172107,0.14606407216934694,0.16097133853929796,0.16595656187807778,0.0,-0.17320641272315895,-0.2512831067871273,-0.04370741853627407,0.30833491942238933,0.17263060129453106,0.3503479446357141,0.15174424466672096,0.24785771543160817,0.08045179867091354,-0.20033416898825332,0.12782749814122799,-0.3386670053338413,-0.510552793094482,-0.08859047294450056,False,False,False,False,False,False,False,False,False,False,False,False,False,False,False,False,False,False,False,False,False,False,False,False,False,False,False,False,False,False,False,False,False,False,False,False,False,False,False,True
0.025888864877172107,0.14606407216934694,0.36229431216155106,0.16595656187807778,0.0,-0.442573228036142,-0.2512831067871273,-0.04370741853627407,0.30833491942238933,0.17263060129453106,0.3503479446357141,0.15174424466672096,0.24785771543160817,0.08045179867091354,-0.20033416898825332,0.12782749814122799,-0.3386670053338413,-0.510552793094482,-0.3504919647253509,False,True,False,False,False,False,False,False,False,False,False,False,False,False,False,False,False,False,False,False,False,False,False,False,False,False,False,False,False,False,False,False,False,False,False,True,False,False,False,False
0.025888864877172107,0.14606407216934694,0.32874048322450883,0.16595656187807778,0.0,-0.4364045223419516,-0.2512831067871273,-0.04370741853627407,0.30833491942238933,0.17263060129453106,0.3503479446357141,0.15174424466672096,0.24785771543160817,0.08045179867091354,-0.20033416898825332,0.12782749814122799,-0.3386670053338413,-0.510552793094482,-0.3444942206387665,True,False,False,False,False,False,False,False,False,False,False,False,False,False,False,False,False,False,False,False,False,False,False,False,False,False,False,False,False,False,False,False,False,False,False,False,False,False,False,True
0.025888864877172107,0.14606407216934694,0.7481633449375361,0.16595656187807778,0.0,-0.32536781984652346,-0.2512831067871273,-0.04370741853627407,0.30833491942238933,0.17263060129453106,0.3503479446357141,0.15174424466672096,0.24785771543160817,0.08045179867091354,-0.20033416898825332,0.12782749814122799,-0.3386670053338413,-0.510552793094482,-0.23653482708024806,False,False,False,False,False,False,False,False,False,False,False,False,False,False,False,False,False,False,False,False,False,False,False,False,False,False,False,False,False,False,False,False,False,False,False,True,False,False,False,False
0.025888864877172107,0.14606407216934694,-1.2650663912849947,0.16595656187807778,0.0,-0.4466856984989357,-0.2512831067871273,-0.04370741853627407,0.30833491942238933,0.17263060129453106,0.3503479446357141,0.15174424466672096,0.24785771543160817,0.08045179867091354,-0.20033416898825332,0.12782749814122799,-0.3386670053338413,-0.510552793094482,-0.3544904607830738,False,True,False,False,False,False,False,False,False,False,False,False,False,False,False,False,False,False,False,False,False,False,False,False,False,False,False,False,False,False,False,False,False,False,False,True,False,False,False,False
0.025888864877172107,0.14606407216934694,0.6642787725949306,0.16595656187807778,0.0,-0.364436289243063,-0.2512831067871273,-0.04370741853627407,0.30833491942238933,0.17263060129453106,0.3503479446357141,0.15174424466672096,0.24785771543160817,0.08045179867091354,-0.20033416898825332,0.12782749814122799,-0.3386670053338413,-0.510552793094482,-0.27452053962861567,False,False,False,False,False,False,False,False,False,False,False,False,False,False,False,False,False,False,False,False,False,False,False,False,False,False,False,False,False,False,False,False,False,False,False,False,False,False,False,True
0.025888864877172107,0.14606407216934694,-0.17456695083112386,0.16595656187807778,0.0,-0.19376876503712714,-0.2512831067871273,-0.04370741853627407,0.30833491942238933,0.17263060129453106,0.3503479446357141,0.15174424466672096,0.24785771543160817,0.08045179867091354,-0.20033416898825332,0.12782749814122799,-0.3386670053338413,-0.510552793094482,-0.4964370708322369,True,False,False,False,False,False,False,False,False,False,False,False,False,False,False,False,False,False,False,False,False,False,False,False,False,False,False,False,False,False,False,False,False,False,False,False,False,False,False,True
0.025888864877172107,0.14606407216934694,-0.34233609551633476,0.16595656187807778,0.0,-0.0128200646742072,-0.2512831067871273,-0.04370741853627407,0.30833491942238933,0.17263060129453106,0.3503479446357141,0.15174424466672096,0.24785771543160817,0.08045179867091354,-0.20033416898825332,0.12782749814122799,-0.3386670053338413,-0.510552793094482,0.06735087330669276,False,True,False,False,False,False,False,True,False,False,False,False,False,False,False,False,False,False,False,False,False,False,False,False,False,False,False,False,False,False,False,False,False,False,False,False,False,False,False,False
0.025888864877172107,0.14606407216934694,0.32874048322450883,0.16595656187807778,0.0,-0.19376876503712714,-0.2512831067871273,-0.04370741853627407,0.30833491942238933,0.17263060129453106,0.3503479446357141,0.15174424466672096,0.24785771543160817,0.08045179867091354,-0.20033416898825332,0.12782749814122799,-0.3386670053338413,-0.510552793094482,-0.4964370708322369,False,True,False,False,False,False,False,False,False,False,False,False,False,False,False,False,False,False,False,False,False,False,False,False,False,False,False,False,False,False,False,False,False,False,False,True,False,False,False,False
0.025888864877172107,0.14606407216934694,0.16097133853929796,0.16595656187807778,0.0,-0.19376876503712714,-0.2512831067871273,-0.04370741853627407,0.30833491942238933,0.17263060129453106,0.3503479446357141,0.15174424466672096,0.24785771543160817,0.08045179867091354,-0.20033416898825332,0.12782749814122799,-0.3386670053338413,-0.510552793094482,-0.4964370708322369,True,False,False,False,False,False,False,False,False,False,False,False,False,False,False,False,False,False,False,False,False,False,False,False,False,False,False,False,False,False,False,False,False,False,False,False,False,False,False,True
0.025888864877172107,0.14606407216934694,0.32874048322450883,0.16595656187807778,0.0,-0.19376876503712714,-0.2512831067871273,-0.04370741853627407,0.30833491942238933,0.17263060129453106,0.3503479446357141,0.15174424466672096,0.24785771543160817,0.08045179867091354,-0.20033416898825332,0.12782749814122799,-0.3386670053338413,-0.510552793094482,-0.4964370708322369,False,True,False,False,False,False,False,False,False,False,False,False,False,False,False,False,False,False,False,False,False,False,False,False,False,False,False,False,False,False,False,False,False,False,False,False,False,False,False,True
0.025888864877172107,0.14606407216934694,-0.34233609551633476,0.16595656187807778,0.0,-0.19376876503712714,-0.2512831067871273,-0.04370741853627407,0.30833491942238933,0.17263060129453106,0.3503479446357141,0.15174424466672096,0.24785771543160817,0.08045179867091354,-0.20033416898825332,0.12782749814122799,-0.3386670053338413,-0.510552793094482,-0.4964370708322369,False,True,False,False,False,False,False,False,False,False,False,False,False,False,False,False,False,False,False,False,False,False,False,False,False,False,False,False,False,False,False,False,False,False,False,True,False,False,False,False
0.025888864877172107,0.14606407216934694,-0.8456435295719675,0.16595656187807778,0.0,0.435439215770299,-0.2512831067871273,-0.04370741853627407,0.30833491942238933,0.17263060129453106,0.3503479446357141,0.15174424466672096,0.24785771543160817,0.08045179867091354,-0.20033416898825332,0.12782749814122799,-0.3386670053338413,-0.510552793094482,0.5031869435984895,True,False,False,False,False,False,False,False,False,False,False,False,False,False,False,False,False,False,False,False,False,False,False,False,False,False,False,False,False,False,False,False,False,False,False,False,False,False,True,False
-2.1483116836223974,-0.7826581716465569,-1.1811818189423893,0.16595656187807778,0.0,12.65358896073019,3.470100046107949,-3.1805552257934635,-3.2432265598503167,0.17263060129453106,0.3503479446357141,-6.590035768383311,-4.034572812303401,-12.429802894656051,-0.20033416898825332,0.12782749814122799,-0.3386670053338413,0.5745172660334261,12.382718731093242,False,False,False,False,False,False,False,False,False,False,False,False,False,False,False,False,False,False,True,False,False,False,False,False,False,False,False,False,False,False,False,False,False,False,False,False,False,False,False,False
2.6623647260860412,0.04404680377430602,-1.0134126742571783,0.16595656187807778,0.0,7.17989077475186,2.074581363772295,-1.0893233542886707,-3.2432265598503167,0.17263060129453106,-2.854305313649788,0.15174424466672096,0.24785771543160817,0.08045179867091354,-0.20033416898825332,0.12782749814122799,-0.3386670053338413,1.2978973054520315,7.060720478264055,False,True,False,False,False,False,False,False,False,False,False,False,False,False,False,False,False,False,False,False,False,False,False,False,True,False,False,False,False,False,False,False,False,False,False,False,False,False,False,False
0.5612207957593247,-0.09898845128302136,-0.8456435295719675,0.16595656187807778,0.0,4.151056278904348,-0.2512831067871273,1.0019085172161224,0.30833491942238933,0.17263060129453106,-2.854305313649788,0.15174424466672096,0.24785771543160817,0.08045179867091354,-0.20033416898825332,0.12782749814122799,2.952752952754429,2.021277344870637,4.115828131751135,False,False,True,False,False,False,False,False,False,False,False,False,False,False,False,False,False,False,False,False,False,False,False,False,False,False,False,False,False,False,False,False,False,False,False,False,False,False,False,False
2.16184358360669,-1.3113450311676933,0.7481633449375361,0.16595656187807778,0.0,3.8549584055832065,3.470100046107949,3.0931403887209155,0.30833491942238933,0.17263060129453106,0.3503479446357141,0.15174424466672096,0.24785771543160817,0.08045179867091354,4.991659710623978,0.12782749814122799,2.952752952754429,2.7446573842892423,3.8279364155950852,False,False,False,False,True,False,False,False,False,False,False,False,False,False,False,False,False,False,False,False,False,False,False,False,False,False,False,False,False,False,False,False,False,False,False,False,False,False,False,False
-1.3536596019356615,0.20869296742628293,-1.0134126742571783,0.16595656187807778,0.0,3.4807235934689857,2.53975425788418,-1.0893233542886707,-3.2432265598503167,0.17263060129453106,-2.854305313649788,0.15174424466672096,0.24785771543160817,0.08045179867091354,-0.20033416898825332,0.12782749814122799,-0.3386670053338413,1.2978973054520315,3.464073274342301,True,False,False,False,False,False,False,False,False,False,False,False,False,True,False,False,False,False,False,False,False,False,False,False,False,False,False,False,False,False,False,False,False,False,False,False,False,False,False,False
-1.0678295249583007,1.1738327165279647,-0.9295281019145729,0.16595656187807778,0.0,2.1297770464412764,-0.2512831067871273,-5.271787097298256,-3.2432265598503167,-5.792715732327589,-2.854305313649788,-6.590035768383311,-4.034572812303401,0.08045179867091354,-0.20033416898825332,-7.8230428862431785,-0.3386670053338413,-0.14886277338517928,2.1505673193803263,True,False,False,False,False,False,False,False,False,False,False,False,False,False,False,True,False,False,False,False,False,False,False,False,False,False,False,False,False,False,False,False,False,False,False,False,False,False,False,False
-1.7410053871190614,0.887384749611776,-0.8456435295719675,0.16595656187807778,0.0,2.0639775190365786,3.470100046107949,-0.04370741853627407,-3.2432265598503167,0.17263060129453106,-2.854305313649788,0.15174424466672096,0.24785771543160817,0.08045179867091354,-0.20033416898825332,0.12782749814122799,2.952752952754429,1.6595873251613342,2.08659138245676,False,True,False,False,False,False,False,False,False,False,False,False,False,True,False,False,False,False,False,False,False,False,False,False,False,False,False,False,False,False,False,False,False,False,False,False,False,False,False,False
1.7167137211675294,-4.363302558923049,-1.1811818189423893,0.16595656187807778,0.0,1.9570532870039439,0.21388978732475722,-3.1805552257934635,-3.2432265598503167,-5.792715732327589,-2.854305313649788,0.15174424466672096,-4.034572812303401,0.08045179867091354,-0.20033416898825332,0.12782749814122799,-0.3386670053338413,0.5745172660334261,1.9826304849559646,False,True,False,False,False,False,False,False,False,False,False,False,False,False,False,False,False,False,False,True,False,False,False,False,False,False,False,False,False,False,False,False,False,False,False,False,False,False,False,False
0.025888864877172107,-5.781612463036381,-0.8456435295719675,0.16595656187807778,0.0,1.9323784642271822,0.6790626814366417,-2.134939290041067,-3.2432265598503167,-5.792715732327589,0.3503479446357141,0.15174424466672096,-4.034572812303401,0.08045179867091354,-0.20033416898825332,0.12782749814122799,-0.3386670053338413,0.9362072857427287,1.958639508609627,False,True,False,False,False,False,False,False,False,False,False,False,True,False,False,False,False,False,False,False,False,False,False,False,False,False,False,False,False,False,False,False,False,False,False,False,False,False,False,False
-0.4509423104349525,-0.9012981268057522,-0.8456435295719675,0.16595656187807778,0.0,1.5992683567408976,1.6094084696604107,-1.0893233542886707,-3.2432265598503167,0.17263060129453106,0.3503479446357141,0.15174424466672096,-4.034572812303401,0.08045179867091354,-0.20033416898825332,0.12782749814122799,-0.3386670053338413,1.2978973054520315,1.6347613279340718,True,False,False,True,False,False,False,False,False,False,False,False,False,False,False,False,False,False,False,False,False,False,False,False,False,False,False,False,False,False,False,False,False,False,False,False,False,False,False,False
-2.434989987111696,-2.099870989497466,1.670893640706196,0.16595656187807778,0.0,1.5704810635013422,3.0049271519960645,2.047524452968519,-3.2432265598503167,0.17263060129453106,0.3503479446357141,0.15174424466672096,0.24785771543160817,0.08045179867091354,4.991659710623978,0.12782749814122799,2.952752952754429,2.3829673645799394,1.6067718555300115,False,False,False,False,False,True,False,False,False,False,False,False,False,False,False,False,False,False,False,False,False,False,False,False,False,False,False,False,False,False,False,False,False,False,False,False,False,False,False,False
-2.922008752877747,-1.1479140823640919,0.32874048322450883,0.16595656187807778,0.0,1.0810970784288996,3.470100046107949,3.0931403887209155,0.30833491942238933,0.17263060129453106,0.3503479446357141,0.15174424466672096,0.24785771543160817,0.08045179867091354,4.991659710623978,0.12782749814122799,2.952752952754429,2.7446573842892423,1.1309508246609856,False,False,False,False,False,False,False,False,False,False,False,False,False,False,False,False,False,False,False,False,False,False,False,False,False,False,False,False,False,False,False,False,False,False,True,False,False,False,False,False
0.45305586938855585,0.23653610227525662,-0.6778743848867566,0.16595656187807778,0.0,0.8569674382066466,-0.7164560008990118,-1.0893233542886707,0.30833491942238933,0.17263060129453106,-2.854305313649788,0.15174424466672096,0.24785771543160817,-12.429802894656051,-0.20033416898825332,0.12782749814122799,-0.3386670053338413,1.2978973054520315,0.9130327895150873,False,True,False,False,False,False,False,False,False,False,False,False,False,False,False,False,False,False,False,False,False,False,False,True,False,False,False,False,False,False,False,False,False,False,False,False,False,False,False,False
0.45305586938855585,0.23653610227525662,-1.1811818189423893,0.16595656187807778,0.0,0.8158427335787102,0.21388978732475722,-1.0893233542886707,-3.2432265598503167,0.17263060129453106,-2.854305313649788,0.15174424466672096,0.24785771543160817,0.08045179867091354,-0.20033416898825332,0.12782749814122799,-0.3386670053338413,1.2978973054520315,0.8730478289378583,False,True,False,False,False,False,False,False,False,False,False,False,False,False,False,False,False,False,False,False,False,False,False,True,False,False,False,False,False,False,False,False,False,False,False,False,False,False,False,False
0.025888864877172107,-5.781612463036381,-0.8456435295719675,0.16595656187807778,0.0,0.7068622663146789,0.6790626814366417,-2.134939290041067,-3.2432265598503167,-5.792715732327589,0.3503479446357141,0.15174424466672096,-4.034572812303401,0.08045179867091354,-0.20033416898825332,0.12782749814122799,-0.3386670053338413,0.9362072857427287,0.7670876834082012,False,True,False,False,False,False,False,False,False,False,False,False,True,False,False,False,False,False,False,False,False,False,False,False,False,False,False,False,False,False,False,False,False,False,False,False,False,False,False,False
3.120046422978594,-1.798173433343413,-1.3489509636276003,0.16595656187807778,0.0,0.6986373253890916,0.21388978732475722,-2.134939290041067,-3.2432265598503167,0.17263060129453106,-2.854305313649788,-6.590035768383311,-4.034572812303401,0.08045179867091354,-0.20033416898825332,0.12782749814122799,2.952752952754429,0.9362072857427287,0.7590906912927554,False,True,False,False,False,False,False,False,False,False,False,False,False,False,False,False,False,False,False,False,False,False,False,False,False,False,False,False,False,True,False,False,False,False,False,False,False,False,False,False
0.45305586938855585,0.23653610227525662,-1.0134126742571783,0.16595656187807778,0.0,0.6595688559925521,-0.2512831067871273,-1.0893233542886707,-3.2432265598503167,0.17263060129453106,-2.854305313649788,0.15174424466672096,0.24785771543160817,0.08045179867091354,-0.20033416898825332,0.12782749814122799,-0.3386670053338413,1.2978973054520315,0.7211049787443878,False,True,False,False,False,False,False,False,False,False,False,False,False,False,False,False,False,False,False,False,False,False,False,True,False,False,False,False,False,False,False,False,False,False,False,False,False,False,False,False
-1.8575965255960647,-1.2434583960175971,0.32874048322450883,0.16595656187807778,0.0,0.6122754456704252,3.470100046107949,3.0931403887209155,0.30833491942238933,0.17263060129453106,0.3503479446357141,0.15174424466672096,0.24785771543160817,0.08045179867091354,4.991659710623978,0.12782749814122799,2.952752952754429,2.7446573842892423,0.6751222740805745,False,False,False,False,False,False,False,False,False,False,False,True,False,False,False,False,False,False,False,False,False,False,False,False,False,False,False,False,False,False,False,False,False,False,False,False,False,False,False,False
1.9918851930002919,0.05146096247286379,-0.17456695083112386,0.16595656187807778,0.0,0.5361947421087431,-0.7164560008990118,-0.04370741853627407,0.30833491942238933,0.17263060129453106,-2.854305313649788,0.15174424466672096,0.24785771543160817,0.08045179867091354,-0.20033416898825332,0.12782749814122799,-0.3386670053338413,1.6595873251613342,0.6011500970127007,True,False,False,False,False,False,False,False,False,False,False,False,False,False,False,False,False,False,False,False,False,False,False,False,False,False,False,False,False,False,False,False,False,False,False,False,False,False,False,False
-2.1590047257926996,1.916301329460509,-0.5101052402015457,0.16595656187807778,0.0,0.5341385068773462,-0.2512831067871273,-0.04370741853627407,0.30833491942238933,0.17263060129453106,-2.854305313649788,0.15174424466672096,-4.034572812303401,0.08045179867091354,-0.20033416898825332,0.12782749814122799,2.952752952754429,1.6595873251613342,0.5991508489838392,False,True,False,False,False,False,False,False,False,False,False,False,False,False,False,False,False,False,False,False,False,True,False,False,False,False,False,False,False,False,False,False,False,False,False,False,False,False,False,False
-2.3865939561937464,2.6064511626228946,-0.5101052402015457,0.16595656187807778,0.0,0.4374954510016958,0.21388978732475722,-1.0893233542886707,-3.2432265598503167,0.17263060129453106,-2.854305313649788,0.15174424466672096,0.24785771543160817,0.08045179867091354,-0.20033416898825332,0.12782749814122799,-0.3386670053338413,1.2978973054520315,0.5051861916273509,True,False,False,False,False,False,False,False,False,True,False,False,False,False,False,False,False,False,False,False,False,False,False,False,False,False,False,False,False,False,False,False,False,False,False,False,False,False,False,False
-2.2749098060039485,-0.6070406070349764,-0.006797806145912957,0.16595656187807778,0.0,0.24420933925039498,1.6094084696604107,2.047524452968519,0.30833491942238933,0.17263060129453106,0.3503479446357141,0.15174424466672096,0.24785771543160817,0.08045179867091354,-0.20033416898825332,0.12782749814122799,2.952752952754429,2.3829673645799394,0.3172568769143744,False,True,False,False,False,False,False,False,False,False,False,False,False,False,False,False,False,False,True,False,False,False,False,False,False,False,False,False,False,False,False,False,False,False,False,False,False,False,False,False
-1.8315504918526873,1.9368549827286827,-0.5101052402015457,0.16595656187807778,0.0,0.18869098800268091,3.470100046107949,-0.04370741853627407,0.30833491942238933,0.17263060129453106,0.3503479446357141,0.15174424466672096,-4.034572812303401,0.08045179867091354,-0.20033416898825332,0.12782749814122799,-0.3386670053338413,1.6595873251613342,0.26327718013511514,True,False,False,False,False,False,False,False,False,False,False,False,False,False,False,False,False,False,False,False,False,True,False,False,False,False,False,False,False,False,False,False,False,False,False,False,False,False,False,False
-1.4496940825337559,1.2751583246221276,-0.006797806145912957,0.16595656187807778,0.0,0.08382299120144322,0.6790626814366417,1.0019085172161224,0.30833491942238933,0.17263060129453106,-2.854305313649788,0.15174424466672096,0.24785771543160817,0.08045179867091354,-0.20033416898825332,0.12782749814122799,2.952752952754429,2.021277344870637,0.16131553066318105,True,False,False,False,False,False,False,False,False,False,False,False,False,False,False,False,False,False,False,False,False,False,False,False,False,False,False,False,True,False,False,False,False,False,False,False,False,False,False,False
-2.3970374577970013,0.8452887463325633,-0.8456435295719675,0.16595656187807778,0.0,0.07971052073864958,0.6790626814366417,-1.0893233542886707,-3.2432265598503167,0.17263060129453106,-2.854305313649788,0.15174424466672096,0.24785771543160817,0.08045179867091354,-0.20033416898825332,0.12782749814122799,-0.3386670053338413,1.2978973054520315,0.15731703460545815,False,True,False,False,False,False,False,False,False,False,False,False,False,False,False,False,False,False,False,False,False,False,False,False,False,False,False,False,False,False,False,True,False,False,False,False,False,False,False,False
2.9858720112354065,1.8762806299065302,2.425854791789645,0.16595656187807778,0.0,0.05092322749909414,3.470100046107949,3.0931403887209155,0.30833491942238933,0.17263060129453106,0.3503479446357141,0.15174424466672096,0.24785771543160817,0.08045179867091354,4.991659710623978,0.12782749814122799,2.952752952754429,2.7446573842892423,0.1293275622013978,True,False,False,False,False,False,False,False,False,False,False,False,False,False,True,False,False,False,False,False,False,False,False,False,False,False,False,False,False,False,False,False,False,False,False,False,False,False,False,False
0.5561656596543417,0.6851603973245501,-0.5101052402015457,0.16595656187807778,0.0,-0.02926994652538174,3.470100046107949,-0.04370741853627407,0.30833491942238933,0.17263060129453106,-2.854305313649788,0.15174424466672096,0.24785771543160817,0.08045179867091354,-0.20033416898825332,0.12782749814122799,-0.3386670053338413,1.6595873251613342,0.05135688907580114,True,False,False,False,False,False,False,False,False,False,False,False,False,False,False,False,False,False,False,False,False,False,False,True,False,False,False,False,False,False,False,False,False,False,False,False,False,False,False,False
0.45305586938855585,0.23653610227525662,-0.5939898125441512,0.16595656187807778,0.0,-0.039551122682365825,-0.7164560008990118,1.0019085172161224,0.30833491942238933,0.17263060129453106,0.3503479446357141,0.15174424466672096,0.24785771543160817,0.08045179867091354,-0.20033416898825332,0.12782749814122799,-0.3386670053338413,2.021277344870637,0.041360648931493875,False,True,False,False,False,False,False,False,False,False,False,False,False,False,False,False,False,False,False,False,False,False,False,True,False,False,False,False,False,False,False,False,False,False,False,False,False,False,False,False
0.3285990277012019,0.6607077450453251,0.9998170619653525,0.16595656187807778,0.0,-0.045719828376556276,0.6790626814366417,1.0019085172161224,0.30833491942238933,0.17263060129453106,0.3503479446357141,-6.590035768383311,0.24785771543160817,0.08045179867091354,-0.20033416898825332,0.12782749814122799,2.952752952754429,2.021277344870637,0.03536290484490952,True,False,False,False,False,False,False,False,False,False,False,False,False,False,False,False,False,False,False,False,False,False,False,False,False,False,False,False,False,False,False,False,False,True,False,False,False,False,False,False
-1.128560391658162,-0.1102297040191463,1.670893640706196,0.16595656187807778,0.0,-0.04983229883934991,3.470100046107949,3.0931403887209155,0.30833491942238933,0.17263060129453106,0.3503479446357141,0.15174424466672096,0.24785771543160817,0.08045179867091354,4.991659710623978,0.12782749814122799,2.952752952754429,2.7446573842892423,0.03136440878718661,False,False,False,False,False,False,False,False,False,False,False,False,False,False,False,False,False,False,False,False,False,False,False,False,False,False,False,False,False,False,False,False,False,False,False,False,False,True,False,False
0.70321758794454,0.14606407216934694,0.6642787725949306,0.16595656187807778,0.0,-0.062169710227730816,3.470100046107949,3.0931403887209155,0.30833491942238933,0.17263060129453106,0.3503479446357141,0.15174424466672096,0.24785771543160817,0.08045179867091354,4.991659710623978,0.12782749814122799,2.952752952754429,2.7446573842892423,0.019368920614017893,False,False,False,False,False,False,False,False,False,False,False,False,False,False,False,False,False,False,False,False,False,False,False,True,False,False,False,False,False,False,False,False,False,False,False,False,False,False,False,False
-1.366192031116028,-1.7059914370591451,2.006431930076618,0.16595656187807778,0.0,-0.1670377070289685,1.1442355755485263,1.0019085172161224,0.30833491942238933,0.17263060129453106,0.3503479446357141,0.15174424466672096,-4.034572812303401,0.08045179867091354,-0.20033416898825332,0.12782749814122799,2.952752952754429,2.021277344870637,-0.0825927288579162,True,False,False,False,False,True,False,False,False,False,False,False,False,False,False,False,False,False,False,False,False,False,False,False,False,False,False,False,False,False,False,False,False,False,False,False,False,False,False,False
0.3285990277012019,0.6607077450453251,1.1675862066505633,0.16595656187807778,0.0,-0.19376876503712714,1.6094084696604107,3.0931403887209155,0.30833491942238933,0.17263060129453106,0.3503479446357141,0.15174424466672096,0.24785771543160817,0.08045179867091354,4.991659710623978,0.12782749814122799,2.952752952754429,2.7446573842892423,-0.10858295323311509,False,True,False,False,False,False,False,False,False,False,False,False,False,False,False,False,False,False,False,False,False,False,False,False,False,False,False,False,False,False,False,False,False,True,False,False,False,False,False,False
1.0183079516099216,0.8830076521339142,1.083701634307958,0.16595656187807778,0.0,-0.19376876503712714,0.6790626814366417,3.0931403887209155,0.30833491942238933,0.17263060129453106,0.3503479446357141,0.15174424466672096,0.24785771543160817,0.08045179867091354,4.991659710623978,0.12782749814122799,2.952752952754429,2.7446573842892423,-0.10858295323311509,False,False,False,False,False,False,False,False,False,False,False,False,False,False,False,False,True,False,False,False,False,False,False,False,False,False,False,False,False,False,False,False,False,False,False,False,False,False,False,False
2.8195925063787843,-6.287501940956635,0.915932489622747,0.16595656187807778,0.0,-0.24517464582204757,1.1442355755485263,3.0931403887209155,0.30833491942238933,0.17263060129453106,0.3503479446357141,0.15174424466672096,0.24785771543160817,0.08045179867091354,4.991659710623978,0.12782749814122799,2.952752952754429,2.7446573842892423,-0.1585641539546514,False,False,False,False,False,False,False,False,False,False,False,False,False,False,False,False,False,True,False,False,False,False,False,False,False,False,False,False,False,False,False,False,False,False,False,False,False,False,False,False
2.2448106740387677,-0.16518360519729136,-1.9780852561971412,0.16595656187807778,0.0,-0.26368076290461895,1.1442355755485263,-1.0893233542886707,0.30833491942238933,0.17263060129453106,-2.854305313649788,0.15174424466672096,-4.034572812303401,0.08045179867091354,-0.20033416898825332,0.12782749814122799,-0.3386670053338413,1.2978973054520315,-0.17655738621440448,False,True,False,False,False,False,False,False,False,False,False,False,False,False,False,False,False,False,False,False,False,False,False,False,False,False,False,False,False,False,False,False,False,False,False,False,False,False,False,False
2.1728583887380792,-0.4039241806627094,-0.6778743848867566,0.16595656187807778,0.0,-0.26573699813601576,0.6790626814366417,-0.04370741853627407,0.30833491942238933,0.17263060129453106,-2.854305313649788,0.15174424466672096,0.24785771543160817,0.08045179867091354,-0.20033416898825332,0.12782749814122799,-0.3386670053338413,1.6595873251613342,-0.17855663424326593,True,False,False,False,False,False,False,False,True,False,False,False,False,False,False,False,False,False,False,False,False,False,False,False,False,False,False,False,False,False,False,False,False,False,False,False,False,False,False,False
-2.01802297383486,1.9497063075067915,0.32874048322450883,0.16595656187807778,0.0,-0.29041182091277756,-0.2512831067871273,-5.271787097298256,-3.2432265598503167,-5.792715732327589,-2.854305313649788,-6.590035768383311,-4.034572812303401,0.08045179867091354,-0.20033416898825332,-7.8230428862431785,-0.3386670053338413,-0.14886277338517928,-0.20254761058960338,True,False,False,False,False,False,False,False,False,False,False,False,False,False,False,False,False,False,False,False,False,True,False,False,False,False,False,False,False,False,False,False,False,False,False,False,False,False,False,False
-0.08266708413036851,0.7899402607003162,0.32874048322450883,0.16595656187807778,0.0,-0.32536781984652346,3.0049271519960645,1.0019085172161224,0.30833491942238933,0.17263060129453106,-2.854305313649788,0.15174424466672096,0.24785771543160817,0.08045179867091354,-0.20033416898825332,0.12782749814122799,2.952752952754429,2.021277344870637,-0.23653482708024806,False,True,False,False,False,False,False,False,False,False,False,False,False,False,False,False,False,False,False,False,False,False,False,False,False,False,False,False,False,False,False,False,False,True,False,False,False,False,False,False
-0.6313621298750947,0.2846093160095441,0.32874048322450883,0.16595656187807778,0.0,-0.34798640739188846,0.6790626814366417,2.047524452968519,0.30833491942238933,0.17263060129453106,0.3503479446357141,0.15174424466672096,0.24785771543160817,0.08045179867091354,-0.20033416898825332,0.12782749814122799,2.952752952754429,2.3829673645799394,-0.25852655539772407,False,True,False,False,False,False,False,False,False,False,False,False,False,False,False,False,False,False,False,False,False,False,False,False,False,False,False,True,False,False,False,False,False,False,False,False,False,False,False,False
0.157086637327556,0.41033261978109403,-0.5101052402015457,0.16595656187807778,0.0,-0.3541551130860789,0.21388978732475722,-0.04370741853627407,0.30833491942238933,0.17263060129453106,-2.854305313649788,0.15174424466672096,0.24785771543160817,0.08045179867091354,-0.20033416898825332,0.12782749814122799,-0.3386670053338413,1.6595873251613342,-0.2645242994843084,False,True,False,False,False,False,False,False,False,False,False,False,False,False,False,False,False,False,False,False,False,False,False,False,False,True,False,False,False,False,False,False,False,False,False,False,False,False,False,False
2.508030538472826,2.33285682261961,1.1675862066505633,0.16595656187807778,0.0,-0.3685487597058566,1.6094084696604107,2.047524452968519,0.30833491942238933,0.17263060129453106,0.3503479446357141,0.15174424466672096,0.24785771543160817,0.08045179867091354,-0.20033416898825332,0.12782749814122799,2.952752952754429,2.3829673645799394,-0.27851903568633857,False,True,False,False,False,False,False,False,False,False,False,False,False,False,True,False,False,False,False,False,False,False,False,False,False,False,False,False,False,False,False,False,False,False,False,False,False,False,False,False
3.175480559552196,0.25539095659382655,-0.006797806145912957,0.16595656187807778,0.0,-0.3685487597058566,3.0049271519960645,1.0019085172161224,0.30833491942238933,0.17263060129453106,0.3503479446357141,0.15174424466672096,0.24785771543160817,0.08045179867091354,-0.20033416898825332,0.12782749814122799,-0.3386670053338413,2.021277344870637,-0.27851903568633857,False,True,False,False,False,False,False,False,False,False,False,False,False,False,False,False,False,False,False,False,False,False,False,False,False,False,True,False,False,False,False,False,False,False,False,False,False,False,False,False
2.2951880559951765,-5.616751201311684,2.3419702194470395,0.16595656187807778,0.0,-0.3767737006314439,-0.7164560008990118,-5.271787097298256,-3.2432265598503167,-5.792715732327589,-2.854305313649788,-6.590035768383311,-4.034572812303401,0.08045179867091354,-0.20033416898825332,-7.8230428862431785,-0.3386670053338413,-0.14886277338517928,-0.28651602780178437,True,False,False,False,False,False,False,False,False,False,False,False,False,False,False,False,False,False,False,False,False,False,False,False,False,False,False,False,False,False,False,False,True,False,False,False,False,False,False,False
0.7011956033542406,0.4625783050700836,2.006431930076618,0.16595656187807778,0.0,-0.3973360529454121,3.470100046107949,2.047524452968519,0.30833491942238933,0.17263060129453106,0.3503479446357141,0.15174424466672096,0.24785771543160817,0.08045179867091354,-0.20033416898825332,0.12782749814122799,2.952752952754429,2.3829673645799394,-0.3065085080903989,False,True,False,False,False,False,False,False,False,False,False,False,False,False,False,False,False,False,False,False,False,False,False,True,False,False,False,False,False,False,False,False,False,False,False,False,False,False,False,False
1.870488569976289,-6.757631177744755,-0.17456695083112386,0.16595656187807778,0.0,-0.3993922881768089,2.53975425788418,2.047524452968519,0.30833491942238933,0.17263060129453106,0.3503479446357141,0.15174424466672096,0.24785771543160817,0.08045179867091354,-0.20033416898825332,0.12782749814122799,2.952752952754429,2.3829673645799394,-0.3085077561192604,False,True,False,False,False,False,False,False,False,False,False,False,False,False,False,False,False,False,False,False,True,False,False,False,False,False,False,False,False,False,False,False,False,False,False,False,False,False,False,False
-1.366192031116028,-1.7059914370591451,2.006431930076618,0.16595656187807778,0.0,-0.4343482871105548,1.1442355755485263,1.0019085172161224,0.30833491942238933,0.17263060129453106,0.3503479446357141,0.15174424466672096,-4.034572812303401,0.08045179867091354,-0.20033416898825332,0.12782749814122799,2.952752952754429,2.021277344870637,-0.3424949726099051,True,False,False,False,False,True,False,False,False,False,False,False,False,False,False,False,False,False,False,False,False,False,False,False,False,False,False,False,False,False,False,False,False,False,False,False,False,False,False,False
2.4845827519997603,-1.6624833023653955,0.49650962790971975,0.16595656187807778,0.0,-0.4405169928047452,1.6094084696604107,1.0019085172161224,0.30833491942238933,0.17263060129453106,0.3503479446357141,0.15174424466672096,-4.034572812303401,0.08045179867091354,-0.20033416898825332,0.12782749814122799,2.952752952754429,2.021277344870637,-0.34849271669648946,False,False,False,False,False,False,False,False,False,False,False,False,False,False,False,False,False,True,False,False,False,False,False,False,False,False,False,False,False,False,False,False,False,False,False,False,False,False,False,False
-2.4618260290363434,0.9830673864420908,-0.5101052402015457,0.16595656187807778,0.0,-0.4631355803501102,1.1442355755485263,-0.04370741853627407,-3.2432265598503167,0.17263060129453106,-2.854305313649788,0.15174424466672096,0.24785771543160817,0.08045179867091354,-0.20033416898825332,0.12782749814122799,2.952752952754429,1.6595873251613342,-0.37048444501396544,False,True,False,False,False,False,False,False,False,False,False,False,False,False,False,False,False,False,False,False,False,False,False,False,False,False,False,False,False,False,False,True,False,False,False,False,False,False,False,False
-2.4618260290363434,0.9830673864420908,0.32874048322450883,0.16595656187807778,0.0,-0.4754729917384911,1.1442355755485263,2.047524452968519,0.30833491942238933,0.17263060129453106,0.3503479446357141,0.15174424466672096,0.24785771543160817,0.08045179867091354,-0.20033416898825332,0.12782749814122799,2.952752952754429,2.3829673645799394,-0.38247993318713414,False,True,False,False,False,False,False,False,False,False,False,False,False,False,False,False,False,False,False,False,False,False,False,False,False,False,False,False,False,False,False,True,False,False,False,False,False,False,False,False
2.4845827519997603,-1.6624833023653955,1.1675862066505633,0.16595656187807778,0.0,-0.4754729917384911,-0.2512831067871273,1.0019085172161224,0.30833491942238933,0.17263060129453106,0.3503479446357141,0.15174424466672096,-4.034572812303401,0.08045179867091354,-0.20033416898825332,0.12782749814122799,2.952752952754429,2.021277344870637,-0.38247993318713414,False,False,False,False,False,False,False,False,False,False,False,False,False,False,False,False,False,True,False,False,False,False,False,False,False,False,False,False,False,False,False,False,False,False,False,False,False,False,False,False
-1.501983538143978,0.20254407821401185,0.49650962790971975,0.16595656187807778,0.0,-0.5022040497466498,3.470100046107949,3.0931403887209155,0.30833491942238933,0.17263060129453106,0.3503479446357141,0.15174424466672096,0.24785771543160817,0.08045179867091354,4.991659710623978,0.12782749814122799,2.952752952754429,2.7446573842892423,-0.408470157562333,False,True,False,False,False,False,False,False,False,False,False,False,False,True,False,False,False,False,False,False,False,False,False,False,False,False,False,False,False,False,False,False,False,False,False,False,False,False,False,False
-1.4250598882368832,0.04263068400268075,-0.8456435295719675,0.16595656187807778,0.0,-0.5063165202094434,2.074581363772295,-1.0893233542886707,-3.2432265598503167,0.17263060129453106,-2.854305313649788,0.15174424466672096,0.24785771543160817,0.08045179867091354,-0.20033416898825332,0.12782749814122799,-0.3386670053338413,1.2978973054520315,-0.4124686536200559,True,False,False,False,False,False,False,False,False,False,False,False,False,False,False,False,False,False,False,False,False,False,False,False,False,False,False,False,False,False,False,False,False,False,False,False,False,True,False,False
0.157086637327556,0.41033261978109403,-0.09068237848851841,0.16595656187807778,0.0,-0.5083727554408402,2.074581363772295,1.0019085172161224,0.30833491942238933,0.17263060129453106,0.3503479446357141,0.15174424466672096,0.24785771543160817,0.08045179867091354,-0.20033416898825332,0.12782749814122799,-0.3386670053338413,2.021277344870637,-0.4144679016489174,False,True,False,False,False,False,False,False,False,False,False,False,False,False,False,False,False,False,False,False,False,False,False,False,False,True,False,False,False,False,False,False,False,False,False,False,False,False,False,False
1.3978030937652346,0.5402551719789479,-0.09068237848851841,0.16595656187807778,0.0,-0.5083727554408402,1.6094084696604107,1.0019085172161224,0.30833491942238933,0.17263060129453106,-2.854305313649788,0.15174424466672096,0.24785771543160817,0.08045179867091354,-0.20033416898825332,0.12782749814122799,2.952752952754429,2.021277344870637,-0.4144679016489174,False,True,False,False,False,False,False,False,False,False,False,False,False,False,False,False,False,False,False,False,False,False,False,False,False,False,False,False,False,False,False,False,False,True,False,False,False,False,False,False
-1.3757942330846042,-0.6434951636074021,2.8452776535026723,0.16595656187807778,0.0,-0.5124852259036339,0.21388978732475722,-0.04370741853627407,0.30833491942238933,0.17263060129453106,0.3503479446357141,-6.590035768383311,0.24785771543160817,0.08045179867091354,4.991659710623978,-7.8230428862431785,-0.3386670053338413,1.6595873251613342,-0.4184663977066403,False,False,False,False,False,False,False,False,False,False,False,True,False,False,False,False,False,False,False,False,False,False,False,False,False,False,False,False,False,False,False,False,False,False,False,False,False,False,False,False
2.0612416475004127,-0.21787355977832462,0.915932489622747,0.16595656187807778,0.0,-0.5124852259036339,3.470100046107949,1.0019085172161224,0.30833491942238933,0.17263060129453106,0.3503479446357141,0.15174424466672096,0.24785771543160817,0.08045179867091354,-0.20033416898825332,0.12782749814122799,-0.3386670053338413,2.021277344870637,-0.4184663977066403,True,False,False,False,False,False,False,False,False,False,False,False,False,False,False,False,False,False,False,False,False,False,False,False,False,False,False,False,False,False,False,False,False,False,False,False,False,False,False,False
-0.254503836264477,-0.9561156384840195,0.8320479172801416,0.16595656187807778,0.0,-0.5186539315978242,3.470100046107949,1.0019085172161224,0.30833491942238933,0.17263060129453106,0.3503479446357141,0.15174424466672096,0.24785771543160817,0.08045179867091354,-0.20033416898825332,0.12782749814122799,-0.3386670053338413,2.021277344870637,-0.4244641417932246,True,False,False,False,False,False,False,False,False,False,True,False,False,False,False,False,False,False,False,False,False,False,False,False,False,False,False,False,False,False,False,False,False,False,False,False,False,False,False,False
-2.5444549987821516,-0.47832630829501366,-0.006797806145912957,0.16595656187807778,0.0,-0.5268788725234116,-0.2512831067871273,1.0019085172161224,0.30833491942238933,0.17263060129453106,0.3503479446357141,0.15174424466672096,0.24785771543160817,0.08045179867091354,-0.20033416898825332,0.12782749814122799,-0.3386670053338413,2.021277344870637,-0.43246113390867047,False,True,False,False,False,False,False,False,False,False,False,False,False,False,False,False,False,False,True,False,False,False,False,False,False,False,False,False,False,False,False,False,False,False,False,False,False,False,False,False
-2.5444549987821516,-0.47832630829501366,-0.34233609551633476,0.16595656187807778,0.0,-0.5494974600687765,-0.7164560008990118,-0.04370741853627407,0.30833491942238933,0.17263060129453106,-2.854305313649788,0.15174424466672096,0.24785771543160817,0.08045179867091354,-0.20033416898825332,0.12782749814122799,-0.3386670053338413,1.6595873251613342,-0.45445286222614645,False,True,False,False,False,False,False,False,False,False,False,False,False,False,False,False,False,False,True,False,False,False,False,False,False,False,False,False,False,False,False,False,False,False,False,False,False,False,False,False
-4.6187240736162,-3.430617065470093,-1.097297246599784,0.16595656187807778,0.0,-0.5515536953001734,-0.2512831067871273,-2.134939290041067,-3.2432265598503167,-5.792715732327589,-2.854305313649788,0.15174424466672096,0.24785771543160817,0.08045179867091354,-0.20033416898825332,0.12782749814122799,-0.3386670053338413,0.9362072857427287,-0.45645211025500787,False,True,False,False,False,False,True,False,False,False,False,False,False,False,False,False,False,False,False,False,False,False,False,False,False,False,False,False,False,False,False,False,False,False,False,False,False,False,False,False
-1.4250598882368832,0.04263068400268075,-0.7198166710580594,0.16595656187807778,0.0,-0.5515536953001734,-0.7164560008990118,-1.0893233542886707,-3.2432265598503167,0.17263060129453106,-2.854305313649788,0.15174424466672096,0.24785771543160817,0.08045179867091354,-0.20033416898825332,0.12782749814122799,-0.3386670053338413,1.2978973054520315,-0.45645211025500787,True,False,False,False,False,False,False,False,False,False,False,False,False,False,False,False,False,False,False,False,False,False,False,False,False,False,False,False,False,False,False,False,False,False,False,False,False,True,False,False
1.3978030937652346,0.5402551719789479,0.7481633449375361,0.16595656187807778,0.0,-0.5638911066885542,-0.7164560008990118,2.047524452968519,0.30833491942238933,0.17263060129453106,0.3503479446357141,0.15174424466672096,0.24785771543160817,0.08045179867091354,-0.20033416898825332,0.12782749814122799,2.952752952754429,2.3829673645799394,-0.4684475984281766,False,True,False,False,False,False,False,False,False,False,False,False,False,False,False,False,False,False,False,False,False,False,False,False,False,False,False,False,False,False,False,False,False,True,False,False,False,False,False,False
3.441634958610958,0.6378884636763397,-0.8456435295719675,0.16595656187807778,0.0,-0.5638911066885542,-0.7164560008990118,-1.0893233542886707,-3.2432265598503167,0.17263060129453106,-2.854305313649788,0.15174424466672096,0.24785771543160817,0.08045179867091354,-0.20033416898825332,0.12782749814122799,-0.3386670053338413,1.2978973054520315,-0.4684475984281766,False,True,False,False,False,False,False,False,False,False,False,False,False,False,False,False,False,False,False,False,False,False,False,False,False,False,True,False,False,False,False,False,False,False,False,False,False,False,False,False
-2.5444549987821516,-0.47832630829501366,-0.17456695083112386,0.16595656187807778,0.0,-0.5659473419199511,-0.7164560008990118,1.0019085172161224,0.30833491942238933,0.17263060129453106,0.3503479446357141,0.15174424466672096,0.24785771543160817,0.08045179867091354,-0.20033416898825332,0.12782749814122799,-0.3386670053338413,2.021277344870637,-0.47044684645703805,False,True,False,False,False,False,False,False,False,False,False,False,False,False,False,False,False,False,True,False,False,False,False,False,False,False,False,False,False,False,False,False,False,False,False,False,False,False,False,False
-4.6187240736162,-3.430617065470093,-1.2650663912849947,0.16595656187807778,0.0,-0.5680035771513479,-0.2512831067871273,-2.134939290041067,-3.2432265598503167,-5.792715732327589,-2.854305313649788,0.15174424466672096,0.24785771543160817,0.08045179867091354,-0.20033416898825332,0.12782749814122799,-0.3386670053338413,0.9362072857427287,-0.4724460944858995,False,True,False,False,False,False,True,False,False,False,False,False,False,False,False,False,False,False,False,False,False,False,False,False,False,False,False,False,False,False,False,False,False,False,False,False,False,False,False,False
-4.6187240736162,-3.430617065470093,-1.0134126742571783,0.16595656187807778,0.0,-0.578284753308332,-0.7164560008990118,-2.134939290041067,-3.2432265598503167,-5.792715732327589,-2.854305313649788,0.15174424466672096,0.24785771543160817,0.08045179867091354,-0.20033416898825332,0.12782749814122799,-0.3386670053338413,0.9362072857427287,-0.48244233463020675,False,True,False,False,False,False,True,False,False,False,False,False,False,False,False,False,False,False,False,False,False,False,False,False,False,False,False,False,False,False,False,False,False,False,False,False,False,False,False,False
1.3978030937652346,0.5402551719789479,0.7481633449375361,0.16595656187807778,0.0,-0.5823972237711256,-0.2512831067871273,2.047524452968519,0.30833491942238933,0.17263060129453106,0.3503479446357141,0.15174424466672096,0.24785771543160817,0.08045179867091354,-0.20033416898825332,0.12782749814122799,2.952752952754429,2.3829673645799394,-0.4864408306879297,False,True,False,False,False,False,False,False,False,False,False,False,False,False,False,False,False,False,False,False,False,False,False,False,False,False,False,False,False,False,False,False,False,True,False,False,False,False,False,False
3.441634958610958,0.6378884636763397,-0.5101052402015457,0.16595656187807778,0.0,-0.5823972237711256,-0.7164560008990118,-2.134939290041067,-3.2432265598503167,0.17263060129453106,-2.854305313649788,0.15174424466672096,-4.034572812303401,0.08045179867091354,-0.20033416898825332,0.12782749814122799,-0.3386670053338413,0.9362072857427287,-0.4864408306879297,False,True,False,False,False,False,False,False,False,False,False,False,False,False,False,False,False,False,False,False,False,False,False,False,False,False,True,False,False,False,False,False,False,False,False,False,False,False,False,False
-0.39898237121434554,0.9967194950841646,-1.1811818189423893,0.16595656187807778,0.0,-0.5823972237711256,3.470100046107949,-3.1805552257934635,-3.2432265598503167,0.17263060129453106,-2.854305313649788,0.15174424466672096,-4.034572812303401,0.08045179867091354,-0.20033416898825332,-7.8230428862431785,-0.3386670053338413,0.5745172660334261,-0.4864408306879297,False,True,False,False,False,False,False,False,False,False,False,False,False,False,False,False,False,False,False,False,False,False,True,False,False,False,False,False,False,False,False,False,False,False,False,False,False,False,False,False
3.441634958610958,0.6378884636763397,-0.6778743848867566,0.16595656187807778,0.0,-0.5865096942339193,-0.7164560008990118,-1.0893233542886707,-3.2432265598503167,0.17263060129453106,-2.854305313649788,0.15174424466672096,0.24785771543160817,0.08045179867091354,-0.20033416898825332,0.12782749814122799,-0.3386670053338413,1.2978973054520315,-0.4904393267456526,False,True,False,False,False,False,False,False,False,False,False,False,False,False,False,False,False,False,False,False,False,False,False,False,False,False,True,False,False,False,False,False,False,False,False,False,False,False,False,False
